,auroc_in_hotspot,auprc_in_hotspot,auroc_ex_hotspot,auprc_ex_hotspot,auroc_in_pcorr,auprc_in_pcorr,auroc_ex_pcorr,auprc_ex_pcorr,auroc_in_scorr,auprc_in_scorr,auroc_ex_scorr,auprc_ex_scorr,auroc_in_celcomen,auprc_in_celcomen,auroc_ex_celcomen,auprc_ex_celcomen,gen_func,adj_func,ex_in_same
0,0.4385964912280702,0.6458945923408195,0.4385964912280702,0.6458945923408195,0.5058479532163742,0.7157244714484087,0.5058479532163742,0.7157244714484087,0.5760233918128654,0.7408061968701996,0.5760233918128654,0.7408061968701996,0.5233918128654972,0.7114045081040273,0.4795321637426901,0.6934573905192772,gen_binary_any,adj_negispos,same_true
1,0.6813858695652174,0.7421319254162331,0.6813858695652174,0.7421319254162331,0.4273097826086956,0.5430897481287196,0.4273097826086956,0.5430897481287196,0.39877717391304346,0.5312395861500753,0.39877717391304346,0.5312395861500753,0.37907608695652173,0.515069568645725,0.3423913043478261,0.506583582490348,gen_binary_any,adj_negispos,same_true
2,0.6634615384615384,0.7722042087648017,0.6634615384615384,0.7722042087648017,0.3878205128205129,0.6471050228800908,0.3878205128205129,0.6471050228800908,0.3669871794871795,0.6429166484887845,0.3669871794871795,0.6429166484887845,0.3349358974358974,0.6207823728623194,0.40224358974358976,0.6524795433456986,gen_binary_any,adj_negispos,same_true
3,0.53003003003003,0.6697897712330618,0.53003003003003,0.6697897712330618,0.5345345345345346,0.7021752247160081,0.5345345345345346,0.7021752247160081,0.46546546546546547,0.6783068183371922,0.46546546546546547,0.6783068183371922,0.539039039039039,0.7147800332227912,0.493993993993994,0.6973248859587556,gen_binary_any,adj_negispos,same_true
4,0.5811403508771931,0.7335722082978287,0.5811403508771931,0.7335722082978287,0.4261695906432749,0.6326355668441468,0.4261695906432749,0.6326355668441468,0.4671052631578948,0.6485953582423671,0.4671052631578948,0.6485953582423671,0.4685672514619883,0.6475608881858882,0.4685672514619883,0.6439023280717565,gen_binary_any,adj_negispos,same_true
0,0.4356725146198831,0.638724322734882,0.40690690690690695,0.6077872565051323,0.5730994152046784,0.7457881146863167,0.5555555555555556,0.7509382663993764,0.5467836257309941,0.7392926524405126,0.5345345345345346,0.7464472216213648,0.567251461988304,0.7475715429985296,0.5165165165165166,0.7353247697640084,gen_binary_any,adj_negispos,same_false
1,0.5822010869565217,0.6519703492243611,0.47597597597597596,0.7116218440619806,0.38383152173913043,0.5197143834442676,0.5780780780780781,0.7568921123374281,0.36752717391304346,0.5135016563335492,0.6006006006006006,0.7640410030524216,0.4164402173913044,0.5047348484848485,0.5833333333333335,0.761677468169259,gen_binary_any,adj_negispos,same_false
2,0.5833333333333333,0.7119466363941294,0.561698717948718,0.7881494393239385,0.3285256410256411,0.6303053053469935,0.5104166666666666,0.748510473781335,0.33333333333333337,0.6312310049946473,0.5008012820512819,0.7460714151672787,0.4014423076923077,0.6524212283013955,0.46875,0.7128235785980287,gen_binary_any,adj_negispos,same_false
3,0.539039039039039,0.6806191549760627,0.4714714714714715,0.6935946849731296,0.5195195195195195,0.6971627029310851,0.5840840840840841,0.7631208085902864,0.5075075075075075,0.6939884093896288,0.602102102102102,0.7676158146837802,0.46546546546546547,0.6696886446886449,0.6073573573573574,0.7730754543857895,gen_binary_any,adj_negispos,same_false
4,0.5255847953216375,0.721254795085108,0.5383275261324042,0.7914046847471434,0.4597953216374269,0.6554750179610047,0.44076655052264807,0.7579377154886887,0.48318713450292405,0.6614887657722192,0.45818815331010454,0.7652695277803304,0.5233918128654972,0.6838220017044835,0.490418118466899,0.7743393218143896,gen_binary_any,adj_negispos,same_false
0,0.568815331010453,0.4032942400753644,0.568815331010453,0.4032942400753644,0.6036585365853658,0.39510739843723036,0.6036585365853658,0.39510739843723036,0.5836236933797909,0.38486755230452707,0.5836236933797909,0.38486755230452707,0.46254355400696867,0.321504056514777,0.4381533101045296,0.3156508966511127,gen_binary_any,adj_negiszero,same_true
1,0.6996336996336996,0.47903899387974,0.6996336996336996,0.47903899387974,0.3717948717948718,0.17334579679264533,0.3717948717948718,0.17334579679264533,0.380952380952381,0.1762566613825195,0.380952380952381,0.1762566613825195,0.3882783882783883,0.1778649300255635,0.42948717948717946,0.19255346168529525,gen_binary_any,adj_negiszero,same_true
2,0.7436974789915966,0.5855242331356946,0.7436974789915966,0.5855242331356946,0.39355742296918766,0.3021713614629728,0.39355742296918766,0.3021713614629728,0.44677871148459386,0.3268206858154714,0.44677871148459386,0.3268206858154714,0.29411764705882354,0.25471260696452036,0.2717086834733894,0.26567342301049457,gen_binary_any,adj_negiszero,same_true
3,0.4414414414414414,0.3028338116178303,0.4414414414414414,0.3028338116178303,0.5705705705705706,0.4564690251619765,0.5705705705705706,0.4564690251619765,0.5885885885885886,0.46575961400522803,0.5885885885885886,0.46575961400522803,0.6336336336336337,0.47889901996079365,0.5773273273273273,0.45403968124021843,gen_binary_any,adj_negiszero,same_true
4,0.5826330532212884,0.5766073708070996,0.5826330532212884,0.5766073708070996,0.5672268907563025,0.4830934189993945,0.5672268907563025,0.4830934189993945,0.4740896358543417,0.4304011626276715,0.4740896358543417,0.4304011626276715,0.5322128851540616,0.4688214563214563,0.5350140056022409,0.46469550910285096,gen_binary_any,adj_negiszero,same_true
0,0.5252613240418118,0.3404496814433403,0.49024024024024027,0.3449183341194611,0.6271777003484321,0.40940042683740163,0.5945945945945945,0.4858141833740931,0.5583623693379791,0.3769385901213632,0.5818318318318318,0.480581686893943,0.5461672473867596,0.36340639924231255,0.5292792792792792,0.4605449439309986,gen_binary_any,adj_negiszero,same_false
1,0.6098901098901099,0.3646420014192928,0.6602564102564101,0.5002077031982712,0.5439560439560439,0.23779152461547076,0.5120192307692308,0.3321198261723358,0.5567765567765567,0.24411932529948463,0.49679487179487175,0.3273274421424093,0.4395604395604395,0.1839160839160839,0.43990384615384615,0.3005534491293157,gen_binary_any,adj_negiszero,same_false
2,0.7240896358543417,0.5443904869863325,0.7162534435261708,0.679303264934823,0.3795518207282913,0.2941567746388622,0.42424242424242425,0.37196172073071876,0.3585434173669467,0.28774009003781803,0.4490358126721763,0.3866166065321097,0.27871148459383754,0.25981064809009863,0.33884297520661155,0.3411301255235992,gen_binary_any,adj_negiszero,same_false
3,0.42342342342342343,0.27640574921970973,0.5619834710743802,0.32995595386004717,0.647147147147147,0.4954490348259698,0.53099173553719,0.2835454019664546,0.6028528528528528,0.4685125897462499,0.5361570247933884,0.28626621701312105,0.5645645645645646,0.45503154253154254,0.49173553719008267,0.2717267319275573,gen_binary_any,adj_negiszero,same_false
4,0.5966386554621849,0.5711667406802055,0.6205234159779615,0.4977044381470825,0.6484593837535014,0.5306615651795736,0.4428374655647383,0.40076425414449623,0.5980392156862745,0.5053223338083586,0.43250688705234164,0.3992057237177558,0.542016806722689,0.47308672620481546,0.5234159779614325,0.44053441933205356,gen_binary_any,adj_negiszero,same_false
0,0.4385964912280702,0.6458945923408195,0.4385964912280702,0.6458945923408195,0.5058479532163742,0.7157244714484087,0.5058479532163742,0.7157244714484087,0.5760233918128654,0.7408061968701996,0.5760233918128654,0.7408061968701996,0.5233918128654972,0.7114045081040273,0.4795321637426901,0.6934573905192772,gen_binary_selfzero,adj_negispos,same_true
1,0.6813858695652174,0.7421319254162331,0.6813858695652174,0.7421319254162331,0.4273097826086956,0.5430897481287196,0.4273097826086956,0.5430897481287196,0.39877717391304346,0.5312395861500753,0.39877717391304346,0.5312395861500753,0.37907608695652173,0.515069568645725,0.3423913043478261,0.506583582490348,gen_binary_selfzero,adj_negispos,same_true
2,0.6634615384615384,0.7722042087648017,0.6634615384615384,0.7722042087648017,0.3878205128205129,0.6471050228800908,0.3878205128205129,0.6471050228800908,0.3669871794871795,0.6429166484887845,0.3669871794871795,0.6429166484887845,0.3349358974358974,0.6207823728623194,0.40224358974358976,0.6524795433456986,gen_binary_selfzero,adj_negispos,same_true
3,0.53003003003003,0.6697897712330618,0.53003003003003,0.6697897712330618,0.5345345345345346,0.7021752247160081,0.5345345345345346,0.7021752247160081,0.46546546546546547,0.6783068183371922,0.46546546546546547,0.6783068183371922,0.539039039039039,0.7147800332227912,0.493993993993994,0.6973248859587556,gen_binary_selfzero,adj_negispos,same_true
4,0.5811403508771931,0.7335722082978287,0.5811403508771931,0.7335722082978287,0.4261695906432749,0.6326355668441468,0.4261695906432749,0.6326355668441468,0.4671052631578948,0.6485953582423671,0.4671052631578948,0.6485953582423671,0.4685672514619883,0.6475608881858882,0.4685672514619883,0.6439023280717565,gen_binary_selfzero,adj_negispos,same_true
0,0.4356725146198831,0.638724322734882,0.40690690690690695,0.6077872565051323,0.5730994152046784,0.7457881146863167,0.5555555555555556,0.7509382663993764,0.5467836257309941,0.7392926524405126,0.5345345345345346,0.7464472216213648,0.567251461988304,0.7475715429985296,0.5165165165165166,0.7353247697640084,gen_binary_selfzero,adj_negispos,same_false
1,0.5822010869565217,0.6519703492243611,0.47597597597597596,0.7116218440619806,0.38383152173913043,0.5197143834442676,0.5780780780780781,0.7568921123374281,0.36752717391304346,0.5135016563335492,0.6006006006006006,0.7640410030524216,0.4164402173913044,0.5047348484848485,0.5833333333333335,0.761677468169259,gen_binary_selfzero,adj_negispos,same_false
2,0.5833333333333333,0.7119466363941294,0.561698717948718,0.7881494393239385,0.3285256410256411,0.6303053053469935,0.5104166666666666,0.748510473781335,0.33333333333333337,0.6312310049946473,0.5008012820512819,0.7460714151672787,0.4014423076923077,0.6524212283013955,0.46875,0.7128235785980287,gen_binary_selfzero,adj_negispos,same_false
3,0.539039039039039,0.6806191549760627,0.4714714714714715,0.6935946849731296,0.5195195195195195,0.6971627029310851,0.5840840840840841,0.7631208085902864,0.5075075075075075,0.6939884093896288,0.602102102102102,0.7676158146837802,0.46546546546546547,0.6696886446886449,0.6073573573573574,0.7730754543857895,gen_binary_selfzero,adj_negispos,same_false
4,0.5255847953216375,0.721254795085108,0.5383275261324042,0.7914046847471434,0.4597953216374269,0.6554750179610047,0.44076655052264807,0.7579377154886887,0.48318713450292405,0.6614887657722192,0.45818815331010454,0.7652695277803304,0.5233918128654972,0.6838220017044835,0.490418118466899,0.7743393218143896,gen_binary_selfzero,adj_negispos,same_false
0,0.568815331010453,0.4032942400753644,0.568815331010453,0.4032942400753644,0.6036585365853658,0.39510739843723036,0.6036585365853658,0.39510739843723036,0.5836236933797909,0.38486755230452707,0.5836236933797909,0.38486755230452707,0.46254355400696867,0.321504056514777,0.4381533101045296,0.3156508966511127,gen_binary_selfzero,adj_negiszero,same_true
1,0.6996336996336996,0.47903899387974,0.6996336996336996,0.47903899387974,0.3717948717948718,0.17334579679264533,0.3717948717948718,0.17334579679264533,0.380952380952381,0.1762566613825195,0.380952380952381,0.1762566613825195,0.3882783882783883,0.1778649300255635,0.42948717948717946,0.19255346168529525,gen_binary_selfzero,adj_negiszero,same_true
2,0.7436974789915966,0.5855242331356946,0.7436974789915966,0.5855242331356946,0.39355742296918766,0.3021713614629728,0.39355742296918766,0.3021713614629728,0.44677871148459386,0.3268206858154714,0.44677871148459386,0.3268206858154714,0.29411764705882354,0.25471260696452036,0.2717086834733894,0.26567342301049457,gen_binary_selfzero,adj_negiszero,same_true
3,0.4414414414414414,0.3028338116178303,0.4414414414414414,0.3028338116178303,0.5705705705705706,0.4564690251619765,0.5705705705705706,0.4564690251619765,0.5885885885885886,0.46575961400522803,0.5885885885885886,0.46575961400522803,0.6336336336336337,0.47889901996079365,0.5773273273273273,0.45403968124021843,gen_binary_selfzero,adj_negiszero,same_true
4,0.5826330532212884,0.5766073708070996,0.5826330532212884,0.5766073708070996,0.5672268907563025,0.4830934189993945,0.5672268907563025,0.4830934189993945,0.4740896358543417,0.4304011626276715,0.4740896358543417,0.4304011626276715,0.5322128851540616,0.4688214563214563,0.5350140056022409,0.46469550910285096,gen_binary_selfzero,adj_negiszero,same_true
0,0.5252613240418118,0.3404496814433403,0.49024024024024027,0.3449183341194611,0.6271777003484321,0.40940042683740163,0.5945945945945945,0.4858141833740931,0.5583623693379791,0.3769385901213632,0.5818318318318318,0.480581686893943,0.5461672473867596,0.36340639924231255,0.5292792792792792,0.4605449439309986,gen_binary_selfzero,adj_negiszero,same_false
1,0.6098901098901099,0.3646420014192928,0.6602564102564101,0.5002077031982712,0.5439560439560439,0.23779152461547076,0.5120192307692308,0.3321198261723358,0.5567765567765567,0.24411932529948463,0.49679487179487175,0.3273274421424093,0.4395604395604395,0.1839160839160839,0.43990384615384615,0.3005534491293157,gen_binary_selfzero,adj_negiszero,same_false
2,0.7240896358543417,0.5443904869863325,0.7162534435261708,0.679303264934823,0.3795518207282913,0.2941567746388622,0.42424242424242425,0.37196172073071876,0.3585434173669467,0.28774009003781803,0.4490358126721763,0.3866166065321097,0.27871148459383754,0.25981064809009863,0.33884297520661155,0.3411301255235992,gen_binary_selfzero,adj_negiszero,same_false
3,0.42342342342342343,0.27640574921970973,0.5619834710743802,0.32995595386004717,0.647147147147147,0.4954490348259698,0.53099173553719,0.2835454019664546,0.6028528528528528,0.4685125897462499,0.5361570247933884,0.28626621701312105,0.5645645645645646,0.45503154253154254,0.49173553719008267,0.2717267319275573,gen_binary_selfzero,adj_negiszero,same_false
4,0.5966386554621849,0.5711667406802055,0.6205234159779615,0.4977044381470825,0.6484593837535014,0.5306615651795736,0.4428374655647383,0.40076425414449623,0.5980392156862745,0.5053223338083586,0.43250688705234164,0.3992057237177558,0.542016806722689,0.47308672620481546,0.5234159779614325,0.44053441933205356,gen_binary_selfzero,adj_negiszero,same_false
0,0.4385964912280702,0.6458945923408195,0.4385964912280702,0.6458945923408195,0.5058479532163742,0.7157244714484087,0.5058479532163742,0.7157244714484087,0.5760233918128654,0.7408061968701996,0.5760233918128654,0.7408061968701996,0.5233918128654972,0.7114045081040273,0.4795321637426901,0.6934573905192772,gen_binary_selfone,adj_negispos,same_true
1,0.6813858695652174,0.7421319254162331,0.6813858695652174,0.7421319254162331,0.4273097826086956,0.5430897481287196,0.4273097826086956,0.5430897481287196,0.39877717391304346,0.5312395861500753,0.39877717391304346,0.5312395861500753,0.37907608695652173,0.515069568645725,0.3423913043478261,0.506583582490348,gen_binary_selfone,adj_negispos,same_true
2,0.6634615384615384,0.7722042087648017,0.6634615384615384,0.7722042087648017,0.3878205128205129,0.6471050228800908,0.3878205128205129,0.6471050228800908,0.3669871794871795,0.6429166484887845,0.3669871794871795,0.6429166484887845,0.3349358974358974,0.6207823728623194,0.40224358974358976,0.6524795433456986,gen_binary_selfone,adj_negispos,same_true
3,0.53003003003003,0.6697897712330618,0.53003003003003,0.6697897712330618,0.5345345345345346,0.7021752247160081,0.5345345345345346,0.7021752247160081,0.46546546546546547,0.6783068183371922,0.46546546546546547,0.6783068183371922,0.539039039039039,0.7147800332227912,0.493993993993994,0.6973248859587556,gen_binary_selfone,adj_negispos,same_true
4,0.5811403508771931,0.7335722082978287,0.5811403508771931,0.7335722082978287,0.4261695906432749,0.6326355668441468,0.4261695906432749,0.6326355668441468,0.4671052631578948,0.6485953582423671,0.4671052631578948,0.6485953582423671,0.4685672514619883,0.6475608881858882,0.4685672514619883,0.6439023280717565,gen_binary_selfone,adj_negispos,same_true
0,0.4356725146198831,0.638724322734882,0.40690690690690695,0.6077872565051323,0.5730994152046784,0.7457881146863167,0.5555555555555556,0.7509382663993764,0.5467836257309941,0.7392926524405126,0.5345345345345346,0.7464472216213648,0.567251461988304,0.7475715429985296,0.5165165165165166,0.7353247697640084,gen_binary_selfone,adj_negispos,same_false
1,0.5822010869565217,0.6519703492243611,0.47597597597597596,0.7116218440619806,0.38383152173913043,0.5197143834442676,0.5780780780780781,0.7568921123374281,0.36752717391304346,0.5135016563335492,0.6006006006006006,0.7640410030524216,0.4164402173913044,0.5047348484848485,0.5833333333333335,0.761677468169259,gen_binary_selfone,adj_negispos,same_false
2,0.5833333333333333,0.7119466363941294,0.561698717948718,0.7881494393239385,0.3285256410256411,0.6303053053469935,0.5104166666666666,0.748510473781335,0.33333333333333337,0.6312310049946473,0.5008012820512819,0.7460714151672787,0.4014423076923077,0.6524212283013955,0.46875,0.7128235785980287,gen_binary_selfone,adj_negispos,same_false
3,0.539039039039039,0.6806191549760627,0.4714714714714715,0.6935946849731296,0.5195195195195195,0.6971627029310851,0.5840840840840841,0.7631208085902864,0.5075075075075075,0.6939884093896288,0.602102102102102,0.7676158146837802,0.46546546546546547,0.6696886446886449,0.6073573573573574,0.7730754543857895,gen_binary_selfone,adj_negispos,same_false
4,0.5255847953216375,0.721254795085108,0.5383275261324042,0.7914046847471434,0.4597953216374269,0.6554750179610047,0.44076655052264807,0.7579377154886887,0.48318713450292405,0.6614887657722192,0.45818815331010454,0.7652695277803304,0.5233918128654972,0.6838220017044835,0.490418118466899,0.7743393218143896,gen_binary_selfone,adj_negispos,same_false
0,0.568815331010453,0.4032942400753644,0.568815331010453,0.4032942400753644,0.6036585365853658,0.39510739843723036,0.6036585365853658,0.39510739843723036,0.5836236933797909,0.38486755230452707,0.5836236933797909,0.38486755230452707,0.46254355400696867,0.321504056514777,0.4381533101045296,0.3156508966511127,gen_binary_selfone,adj_negiszero,same_true
1,0.6996336996336996,0.47903899387974,0.6996336996336996,0.47903899387974,0.3717948717948718,0.17334579679264533,0.3717948717948718,0.17334579679264533,0.380952380952381,0.1762566613825195,0.380952380952381,0.1762566613825195,0.3882783882783883,0.1778649300255635,0.42948717948717946,0.19255346168529525,gen_binary_selfone,adj_negiszero,same_true
2,0.7436974789915966,0.5855242331356946,0.7436974789915966,0.5855242331356946,0.39355742296918766,0.3021713614629728,0.39355742296918766,0.3021713614629728,0.44677871148459386,0.3268206858154714,0.44677871148459386,0.3268206858154714,0.29411764705882354,0.25471260696452036,0.2717086834733894,0.26567342301049457,gen_binary_selfone,adj_negiszero,same_true
3,0.4414414414414414,0.3028338116178303,0.4414414414414414,0.3028338116178303,0.5705705705705706,0.4564690251619765,0.5705705705705706,0.4564690251619765,0.5885885885885886,0.46575961400522803,0.5885885885885886,0.46575961400522803,0.6336336336336337,0.47889901996079365,0.5773273273273273,0.45403968124021843,gen_binary_selfone,adj_negiszero,same_true
4,0.5826330532212884,0.5766073708070996,0.5826330532212884,0.5766073708070996,0.5672268907563025,0.4830934189993945,0.5672268907563025,0.4830934189993945,0.4740896358543417,0.4304011626276715,0.4740896358543417,0.4304011626276715,0.5322128851540616,0.4688214563214563,0.5350140056022409,0.46469550910285096,gen_binary_selfone,adj_negiszero,same_true
0,0.5252613240418118,0.3404496814433403,0.49024024024024027,0.3449183341194611,0.6271777003484321,0.40940042683740163,0.5945945945945945,0.4858141833740931,0.5583623693379791,0.3769385901213632,0.5818318318318318,0.480581686893943,0.5461672473867596,0.36340639924231255,0.5292792792792792,0.4605449439309986,gen_binary_selfone,adj_negiszero,same_false
1,0.6098901098901099,0.3646420014192928,0.6602564102564101,0.5002077031982712,0.5439560439560439,0.23779152461547076,0.5120192307692308,0.3321198261723358,0.5567765567765567,0.24411932529948463,0.49679487179487175,0.3273274421424093,0.4395604395604395,0.1839160839160839,0.43990384615384615,0.3005534491293157,gen_binary_selfone,adj_negiszero,same_false
2,0.7240896358543417,0.5443904869863325,0.7162534435261708,0.679303264934823,0.3795518207282913,0.2941567746388622,0.42424242424242425,0.37196172073071876,0.3585434173669467,0.28774009003781803,0.4490358126721763,0.3866166065321097,0.27871148459383754,0.25981064809009863,0.33884297520661155,0.3411301255235992,gen_binary_selfone,adj_negiszero,same_false
3,0.42342342342342343,0.27640574921970973,0.5619834710743802,0.32995595386004717,0.647147147147147,0.4954490348259698,0.53099173553719,0.2835454019664546,0.6028528528528528,0.4685125897462499,0.5361570247933884,0.28626621701312105,0.5645645645645646,0.45503154253154254,0.49173553719008267,0.2717267319275573,gen_binary_selfone,adj_negiszero,same_false
4,0.5966386554621849,0.5711667406802055,0.6205234159779615,0.4977044381470825,0.6484593837535014,0.5306615651795736,0.4428374655647383,0.40076425414449623,0.5980392156862745,0.5053223338083586,0.43250688705234164,0.3992057237177558,0.542016806722689,0.47308672620481546,0.5234159779614325,0.44053441933205356,gen_binary_selfone,adj_negiszero,same_false
0,0.4385964912280702,0.6458945923408195,0.4385964912280702,0.6458945923408195,0.5058479532163742,0.7157244714484087,0.5058479532163742,0.7157244714484087,0.5760233918128654,0.7408061968701996,0.5760233918128654,0.7408061968701996,0.5233918128654972,0.7114045081040273,0.4795321637426901,0.6934573905192772,gen_binary_selfextra,adj_negispos,same_true
1,0.6813858695652174,0.7421319254162331,0.6813858695652174,0.7421319254162331,0.4273097826086956,0.5430897481287196,0.4273097826086956,0.5430897481287196,0.39877717391304346,0.5312395861500753,0.39877717391304346,0.5312395861500753,0.37907608695652173,0.515069568645725,0.3423913043478261,0.506583582490348,gen_binary_selfextra,adj_negispos,same_true
2,0.6634615384615384,0.7722042087648017,0.6634615384615384,0.7722042087648017,0.3878205128205129,0.6471050228800908,0.3878205128205129,0.6471050228800908,0.3669871794871795,0.6429166484887845,0.3669871794871795,0.6429166484887845,0.3349358974358974,0.6207823728623194,0.40224358974358976,0.6524795433456986,gen_binary_selfextra,adj_negispos,same_true
3,0.53003003003003,0.6697897712330618,0.53003003003003,0.6697897712330618,0.5345345345345346,0.7021752247160081,0.5345345345345346,0.7021752247160081,0.46546546546546547,0.6783068183371922,0.46546546546546547,0.6783068183371922,0.539039039039039,0.7147800332227912,0.493993993993994,0.6973248859587556,gen_binary_selfextra,adj_negispos,same_true
4,0.5811403508771931,0.7335722082978287,0.5811403508771931,0.7335722082978287,0.4261695906432749,0.6326355668441468,0.4261695906432749,0.6326355668441468,0.4671052631578948,0.6485953582423671,0.4671052631578948,0.6485953582423671,0.4685672514619883,0.6475608881858882,0.4685672514619883,0.6439023280717565,gen_binary_selfextra,adj_negispos,same_true
0,0.4356725146198831,0.638724322734882,0.40690690690690695,0.6077872565051323,0.5730994152046784,0.7457881146863167,0.5555555555555556,0.7509382663993764,0.5467836257309941,0.7392926524405126,0.5345345345345346,0.7464472216213648,0.567251461988304,0.7475715429985296,0.5165165165165166,0.7353247697640084,gen_binary_selfextra,adj_negispos,same_false
1,0.5822010869565217,0.6519703492243611,0.47597597597597596,0.7116218440619806,0.38383152173913043,0.5197143834442676,0.5780780780780781,0.7568921123374281,0.36752717391304346,0.5135016563335492,0.6006006006006006,0.7640410030524216,0.4164402173913044,0.5047348484848485,0.5833333333333335,0.761677468169259,gen_binary_selfextra,adj_negispos,same_false
2,0.5833333333333333,0.7119466363941294,0.561698717948718,0.7881494393239385,0.3285256410256411,0.6303053053469935,0.5104166666666666,0.748510473781335,0.33333333333333337,0.6312310049946473,0.5008012820512819,0.7460714151672787,0.4014423076923077,0.6524212283013955,0.46875,0.7128235785980287,gen_binary_selfextra,adj_negispos,same_false
3,0.539039039039039,0.6806191549760627,0.4714714714714715,0.6935946849731296,0.5195195195195195,0.6971627029310851,0.5840840840840841,0.7631208085902864,0.5075075075075075,0.6939884093896288,0.602102102102102,0.7676158146837802,0.46546546546546547,0.6696886446886449,0.6073573573573574,0.7730754543857895,gen_binary_selfextra,adj_negispos,same_false
4,0.5255847953216375,0.721254795085108,0.5383275261324042,0.7914046847471434,0.4597953216374269,0.6554750179610047,0.44076655052264807,0.7579377154886887,0.48318713450292405,0.6614887657722192,0.45818815331010454,0.7652695277803304,0.5233918128654972,0.6838220017044835,0.490418118466899,0.7743393218143896,gen_binary_selfextra,adj_negispos,same_false
0,0.568815331010453,0.4032942400753644,0.568815331010453,0.4032942400753644,0.6036585365853658,0.39510739843723036,0.6036585365853658,0.39510739843723036,0.5836236933797909,0.38486755230452707,0.5836236933797909,0.38486755230452707,0.46254355400696867,0.321504056514777,0.4381533101045296,0.3156508966511127,gen_binary_selfextra,adj_negiszero,same_true
1,0.6996336996336996,0.47903899387974,0.6996336996336996,0.47903899387974,0.3717948717948718,0.17334579679264533,0.3717948717948718,0.17334579679264533,0.380952380952381,0.1762566613825195,0.380952380952381,0.1762566613825195,0.3882783882783883,0.1778649300255635,0.42948717948717946,0.19255346168529525,gen_binary_selfextra,adj_negiszero,same_true
2,0.7436974789915966,0.5855242331356946,0.7436974789915966,0.5855242331356946,0.39355742296918766,0.3021713614629728,0.39355742296918766,0.3021713614629728,0.44677871148459386,0.3268206858154714,0.44677871148459386,0.3268206858154714,0.29411764705882354,0.25471260696452036,0.2717086834733894,0.26567342301049457,gen_binary_selfextra,adj_negiszero,same_true
3,0.4414414414414414,0.3028338116178303,0.4414414414414414,0.3028338116178303,0.5705705705705706,0.4564690251619765,0.5705705705705706,0.4564690251619765,0.5885885885885886,0.46575961400522803,0.5885885885885886,0.46575961400522803,0.6336336336336337,0.47889901996079365,0.5773273273273273,0.45403968124021843,gen_binary_selfextra,adj_negiszero,same_true
4,0.5826330532212884,0.5766073708070996,0.5826330532212884,0.5766073708070996,0.5672268907563025,0.4830934189993945,0.5672268907563025,0.4830934189993945,0.4740896358543417,0.4304011626276715,0.4740896358543417,0.4304011626276715,0.5322128851540616,0.4688214563214563,0.5350140056022409,0.46469550910285096,gen_binary_selfextra,adj_negiszero,same_true
0,0.5252613240418118,0.3404496814433403,0.49024024024024027,0.3449183341194611,0.6271777003484321,0.40940042683740163,0.5945945945945945,0.4858141833740931,0.5583623693379791,0.3769385901213632,0.5818318318318318,0.480581686893943,0.5461672473867596,0.36340639924231255,0.5292792792792792,0.4605449439309986,gen_binary_selfextra,adj_negiszero,same_false
1,0.6098901098901099,0.3646420014192928,0.6602564102564101,0.5002077031982712,0.5439560439560439,0.23779152461547076,0.5120192307692308,0.3321198261723358,0.5567765567765567,0.24411932529948463,0.49679487179487175,0.3273274421424093,0.4395604395604395,0.1839160839160839,0.43990384615384615,0.3005534491293157,gen_binary_selfextra,adj_negiszero,same_false
2,0.7240896358543417,0.5443904869863325,0.7162534435261708,0.679303264934823,0.3795518207282913,0.2941567746388622,0.42424242424242425,0.37196172073071876,0.3585434173669467,0.28774009003781803,0.4490358126721763,0.3866166065321097,0.27871148459383754,0.25981064809009863,0.33884297520661155,0.3411301255235992,gen_binary_selfextra,adj_negiszero,same_false
3,0.42342342342342343,0.27640574921970973,0.5619834710743802,0.32995595386004717,0.647147147147147,0.4954490348259698,0.53099173553719,0.2835454019664546,0.6028528528528528,0.4685125897462499,0.5361570247933884,0.28626621701312105,0.5645645645645646,0.45503154253154254,0.49173553719008267,0.2717267319275573,gen_binary_selfextra,adj_negiszero,same_false
4,0.5966386554621849,0.5711667406802055,0.6205234159779615,0.4977044381470825,0.6484593837535014,0.5306615651795736,0.4428374655647383,0.40076425414449623,0.5980392156862745,0.5053223338083586,0.43250688705234164,0.3992057237177558,0.542016806722689,0.47308672620481546,0.5234159779614325,0.44053441933205356,gen_binary_selfextra,adj_negiszero,same_false
0,0.4050522648083624,0.6808475112574016,0.4050522648083624,0.6808475112574016,0.5966898954703832,0.826913915728814,0.5966898954703832,0.826913915728814,0.6210801393728224,0.8406129653193082,0.6210801393728224,0.8406129653193082,0.5949477351916377,0.8483613947028582,0.602787456445993,0.832420887653506,gen_dense_any,adj_negispos,same_true
1,0.7198067632850241,0.9233744190974783,0.7198067632850241,0.9233744190974783,0.32125603864734303,0.7809640558326625,0.32125603864734303,0.7809640558326625,0.3115942028985508,0.7766470560043741,0.3115942028985508,0.7766470560043741,0.42149758454106284,0.8023640542873338,0.3743961352657005,0.7911065843622589,gen_dense_any,adj_negispos,same_true
2,0.5364145658263305,0.6449201370145408,0.5364145658263305,0.6449201370145408,0.5294117647058824,0.6619970492126881,0.5294117647058824,0.6619970492126881,0.5420168067226891,0.6666141890428933,0.5420168067226891,0.6666141890428933,0.44537815126050423,0.6186827231126995,0.4551820728291317,0.6282459824149788,gen_dense_any,adj_negispos,same_true
3,0.5789473684210527,0.709466026643189,0.5789473684210527,0.709466026643189,0.2848297213622291,0.59371536205429,0.2848297213622291,0.59371536205429,0.2894736842105263,0.5967141104958271,0.2894736842105263,0.5967141104958271,0.359907120743034,0.6219478773354771,0.35835913312693496,0.6208821117635601,gen_dense_any,adj_negispos,same_true
4,0.4615384615384615,0.731954947569347,0.4615384615384615,0.731954947569347,0.5457875457875457,0.8097074190333409,0.5457875457875457,0.8097074190333409,0.5146520146520146,0.7999747491110445,0.5146520146520146,0.7999747491110445,0.5485347985347985,0.8244366744366747,0.5677655677655677,0.8233664081253598,gen_dense_any,adj_negispos,same_true
0,0.46777003484320556,0.7754028606022589,0.6655555555555555,0.9188095495698627,0.6541811846689896,0.8493950670687849,0.6388888888888888,0.8930592011835004,0.6437282229965157,0.851241630255761,0.6922222222222223,0.903397224306945,0.5644599303135888,0.8183918060206682,0.49666666666666665,0.8445236012296586,gen_dense_any,adj_negispos,same_false
1,0.6473429951690821,0.9075147865174943,0.4276556776556776,0.7001677215150348,0.4033816425120773,0.7990824564661716,0.5137362637362637,0.8089381989098107,0.43236714975845414,0.8029843160726842,0.5064102564102564,0.8043780704919045,0.41545893719806765,0.8001557710771603,0.6071428571428572,0.8319817787085761,gen_dense_any,adj_negispos,same_false
2,0.530812324929972,0.647212708716218,0.4422222222222222,0.7741983587423912,0.57703081232493,0.6816272669655161,0.4622222222222222,0.8124312471003284,0.5476190476190477,0.6705416126840208,0.41555555555555557,0.7999992653752528,0.48459383753501395,0.6378298060135137,0.5322222222222223,0.8410127355596833,gen_dense_any,adj_negispos,same_false
3,0.5820433436532508,0.6931967318135497,0.5211111111111111,0.831078413893242,0.4318885448916409,0.651468755274197,0.39666666666666667,0.7932960197686312,0.4272445820433436,0.6447308580072816,0.36111111111111116,0.7843211713816717,0.3397832817337461,0.602282481662764,0.4588888888888889,0.8043149173006221,gen_dense_any,adj_negispos,same_false
4,0.45787545787545786,0.7692480909481961,0.35256410256410253,0.6279934258997947,0.5586080586080586,0.8047520877296761,0.5897435897435898,0.8165903528254573,0.6245421245421245,0.8216670562191679,0.5512820512820513,0.8033248382837858,0.47802197802197804,0.7826783456897826,0.5753205128205128,0.7990702956925091,gen_dense_any,adj_negispos,same_false
0,0.5206666666666666,0.48179514164781206,0.5206666666666666,0.48179514164781206,0.5373333333333333,0.5399018561911011,0.5373333333333333,0.5399018561911011,0.548,0.5455856950242566,0.548,0.5455856950242566,0.5426666666666666,0.5515614385614385,0.5333333333333334,0.5301842793859848,gen_dense_any,adj_negiszero,same_true
1,0.6985714285714286,0.6777424722570273,0.6985714285714286,0.6777424722570273,0.41428571428571426,0.3380378810356348,0.41428571428571426,0.3380378810356348,0.41714285714285715,0.33934032246675266,0.41714285714285715,0.33934032246675266,0.495,0.3812623401243169,0.4057142857142857,0.3445934847489716,gen_dense_any,adj_negiszero,same_true
2,0.6163003663003663,0.3723510596248153,0.6163003663003663,0.3723510596248153,0.7353479853479854,0.4562883865340334,0.7353479853479854,0.4562883865340334,0.7316849816849818,0.4547833285478127,0.7316849816849818,0.4547833285478127,0.4441391941391941,0.30484482837424015,0.43223443223443225,0.31347935846995467,gen_dense_any,adj_negiszero,same_true
3,0.7099303135888502,0.4808368562648088,0.7099303135888502,0.4808368562648088,0.4390243902439025,0.2456221756176698,0.4390243902439025,0.2456221756176698,0.4207317073170731,0.23905019994680524,0.4207317073170731,0.23905019994680524,0.4076655052264808,0.23387316362543523,0.4111498257839721,0.23556187909783213,gen_dense_any,adj_negiszero,same_true
4,0.610733695652174,0.5324332247196532,0.610733695652174,0.5324332247196532,0.6039402173913043,0.5652116858266745,0.6039402173913043,0.5652116858266745,0.6324728260869565,0.5759282029029278,0.6324728260869565,0.5759282029029278,0.4938858695652174,0.4771815141380359,0.46127717391304346,0.47357178375332304,gen_dense_any,adj_negiszero,same_true
0,0.5379999999999999,0.5736081770852678,0.6037151702786377,0.4204061721166317,0.44600000000000006,0.4838165062723026,0.47755417956656343,0.3942511589500651,0.45799999999999996,0.4934696301519831,0.48297213622291024,0.3952045993222464,0.5573333333333332,0.5526000806525102,0.4643962848297214,0.4024429064583329,gen_dense_any,adj_negiszero,same_false
1,0.6542857142857142,0.5976954867987914,0.562,0.4691364220948366,0.34857142857142864,0.30479896009787316,0.4993333333333333,0.5096742665659074,0.31,0.2908349983349984,0.4913333333333333,0.5076453556763154,0.47285714285714286,0.36805755196815576,0.4826666666666667,0.4979400459651222,gen_dense_any,adj_negiszero,same_false
2,0.641941391941392,0.4530272249219664,0.49369747899159666,0.4271489844458558,0.5705128205128205,0.36249467546204867,0.5861344537815126,0.5207590307667949,0.5448717948717949,0.36104968322575404,0.5826330532212884,0.5117187224349944,0.5265567765567766,0.3416666217273505,0.6036414565826331,0.5278223722416648,gen_dense_any,adj_negiszero,same_false
3,0.3858885017421603,0.19558369679863502,0.6021220159151194,0.5869788084520484,0.4930313588850175,0.2663452518231323,0.40915119363395225,0.46313769750609657,0.47473867595818814,0.25885031806792447,0.40384615384615385,0.45750788634468914,0.43031358885017423,0.2392781146853027,0.4615384615384615,0.4850568935418483,gen_dense_any,adj_negiszero,same_false
4,0.484375,0.40925602164334357,0.45516304347826086,0.40381624191838544,0.6447010869565217,0.5756796137193982,0.5563858695652174,0.5449084528780499,0.6202445652173914,0.5680946078172693,0.5563858695652174,0.5418621690409199,0.5720108695652174,0.5370139555582547,0.5665760869565217,0.5411468911913018,gen_dense_any,adj_negiszero,same_false
0,0.4050522648083624,0.6808475112574016,0.4050522648083624,0.6808475112574016,0.5966898954703832,0.826913915728814,0.5966898954703832,0.826913915728814,0.6210801393728224,0.8406129653193082,0.6210801393728224,0.8406129653193082,0.5949477351916377,0.8483613947028582,0.602787456445993,0.832420887653506,gen_dense_selfzero,adj_negispos,same_true
1,0.7198067632850241,0.9233744190974783,0.7198067632850241,0.9233744190974783,0.32125603864734303,0.7809640558326625,0.32125603864734303,0.7809640558326625,0.3115942028985508,0.7766470560043741,0.3115942028985508,0.7766470560043741,0.42149758454106284,0.8023640542873338,0.3743961352657005,0.7911065843622589,gen_dense_selfzero,adj_negispos,same_true
2,0.5364145658263305,0.6449201370145408,0.5364145658263305,0.6449201370145408,0.5294117647058824,0.6619970492126881,0.5294117647058824,0.6619970492126881,0.5420168067226891,0.6666141890428933,0.5420168067226891,0.6666141890428933,0.44537815126050423,0.6186827231126995,0.4551820728291317,0.6282459824149788,gen_dense_selfzero,adj_negispos,same_true
3,0.5789473684210527,0.709466026643189,0.5789473684210527,0.709466026643189,0.2848297213622291,0.59371536205429,0.2848297213622291,0.59371536205429,0.2894736842105263,0.5967141104958271,0.2894736842105263,0.5967141104958271,0.359907120743034,0.6219478773354771,0.35835913312693496,0.6208821117635601,gen_dense_selfzero,adj_negispos,same_true
4,0.4615384615384615,0.731954947569347,0.4615384615384615,0.731954947569347,0.5457875457875457,0.8097074190333409,0.5457875457875457,0.8097074190333409,0.5146520146520146,0.7999747491110445,0.5146520146520146,0.7999747491110445,0.5485347985347985,0.8244366744366747,0.5677655677655677,0.8233664081253598,gen_dense_selfzero,adj_negispos,same_true
0,0.46777003484320556,0.7754028606022589,0.6655555555555555,0.9188095495698627,0.6541811846689896,0.8493950670687849,0.6388888888888888,0.8930592011835004,0.6437282229965157,0.851241630255761,0.6922222222222223,0.903397224306945,0.5644599303135888,0.8183918060206682,0.49666666666666665,0.8445236012296586,gen_dense_selfzero,adj_negispos,same_false
1,0.6473429951690821,0.9075147865174943,0.4276556776556776,0.7001677215150348,0.4033816425120773,0.7990824564661716,0.5137362637362637,0.8089381989098107,0.43236714975845414,0.8029843160726842,0.5064102564102564,0.8043780704919045,0.41545893719806765,0.8001557710771603,0.6071428571428572,0.8319817787085761,gen_dense_selfzero,adj_negispos,same_false
2,0.530812324929972,0.647212708716218,0.4422222222222222,0.7741983587423912,0.57703081232493,0.6816272669655161,0.4622222222222222,0.8124312471003284,0.5476190476190477,0.6705416126840208,0.41555555555555557,0.7999992653752528,0.48459383753501395,0.6378298060135137,0.5322222222222223,0.8410127355596833,gen_dense_selfzero,adj_negispos,same_false
3,0.5820433436532508,0.6931967318135497,0.5211111111111111,0.831078413893242,0.4318885448916409,0.651468755274197,0.39666666666666667,0.7932960197686312,0.4272445820433436,0.6447308580072816,0.36111111111111116,0.7843211713816717,0.3397832817337461,0.602282481662764,0.4588888888888889,0.8043149173006221,gen_dense_selfzero,adj_negispos,same_false
4,0.45787545787545786,0.7692480909481961,0.35256410256410253,0.6279934258997947,0.5586080586080586,0.8047520877296761,0.5897435897435898,0.8165903528254573,0.6245421245421245,0.8216670562191679,0.5512820512820513,0.8033248382837858,0.47802197802197804,0.7826783456897826,0.5753205128205128,0.7990702956925091,gen_dense_selfzero,adj_negispos,same_false
0,0.5206666666666666,0.48179514164781206,0.5206666666666666,0.48179514164781206,0.5373333333333333,0.5399018561911011,0.5373333333333333,0.5399018561911011,0.548,0.5455856950242566,0.548,0.5455856950242566,0.5426666666666666,0.5515614385614385,0.5333333333333334,0.5301842793859848,gen_dense_selfzero,adj_negiszero,same_true
1,0.6985714285714286,0.6777424722570273,0.6985714285714286,0.6777424722570273,0.41428571428571426,0.3380378810356348,0.41428571428571426,0.3380378810356348,0.41714285714285715,0.33934032246675266,0.41714285714285715,0.33934032246675266,0.495,0.3812623401243169,0.4057142857142857,0.3445934847489716,gen_dense_selfzero,adj_negiszero,same_true
2,0.6163003663003663,0.3723510596248153,0.6163003663003663,0.3723510596248153,0.7353479853479854,0.4562883865340334,0.7353479853479854,0.4562883865340334,0.7316849816849818,0.4547833285478127,0.7316849816849818,0.4547833285478127,0.4441391941391941,0.30484482837424015,0.43223443223443225,0.31347935846995467,gen_dense_selfzero,adj_negiszero,same_true
3,0.7099303135888502,0.4808368562648088,0.7099303135888502,0.4808368562648088,0.4390243902439025,0.2456221756176698,0.4390243902439025,0.2456221756176698,0.4207317073170731,0.23905019994680524,0.4207317073170731,0.23905019994680524,0.4076655052264808,0.23387316362543523,0.4111498257839721,0.23556187909783213,gen_dense_selfzero,adj_negiszero,same_true
4,0.610733695652174,0.5324332247196532,0.610733695652174,0.5324332247196532,0.6039402173913043,0.5652116858266745,0.6039402173913043,0.5652116858266745,0.6324728260869565,0.5759282029029278,0.6324728260869565,0.5759282029029278,0.4938858695652174,0.4771815141380359,0.46127717391304346,0.47357178375332304,gen_dense_selfzero,adj_negiszero,same_true
0,0.5379999999999999,0.5736081770852678,0.6037151702786377,0.4204061721166317,0.44600000000000006,0.4838165062723026,0.47755417956656343,0.3942511589500651,0.45799999999999996,0.4934696301519831,0.48297213622291024,0.3952045993222464,0.5573333333333332,0.5526000806525102,0.4643962848297214,0.4024429064583329,gen_dense_selfzero,adj_negiszero,same_false
1,0.6542857142857142,0.5976954867987914,0.562,0.4691364220948366,0.34857142857142864,0.30479896009787316,0.4993333333333333,0.5096742665659074,0.31,0.2908349983349984,0.4913333333333333,0.5076453556763154,0.47285714285714286,0.36805755196815576,0.4826666666666667,0.4979400459651222,gen_dense_selfzero,adj_negiszero,same_false
2,0.641941391941392,0.4530272249219664,0.49369747899159666,0.4271489844458558,0.5705128205128205,0.36249467546204867,0.5861344537815126,0.5207590307667949,0.5448717948717949,0.36104968322575404,0.5826330532212884,0.5117187224349944,0.5265567765567766,0.3416666217273505,0.6036414565826331,0.5278223722416648,gen_dense_selfzero,adj_negiszero,same_false
3,0.3858885017421603,0.19558369679863502,0.6021220159151194,0.5869788084520484,0.4930313588850175,0.2663452518231323,0.40915119363395225,0.46313769750609657,0.47473867595818814,0.25885031806792447,0.40384615384615385,0.45750788634468914,0.43031358885017423,0.2392781146853027,0.4615384615384615,0.4850568935418483,gen_dense_selfzero,adj_negiszero,same_false
4,0.484375,0.40925602164334357,0.45516304347826086,0.40381624191838544,0.6447010869565217,0.5756796137193982,0.5563858695652174,0.5449084528780499,0.6202445652173914,0.5680946078172693,0.5563858695652174,0.5418621690409199,0.5720108695652174,0.5370139555582547,0.5665760869565217,0.5411468911913018,gen_dense_selfzero,adj_negiszero,same_false
0,0.4050522648083624,0.6808475112574016,0.4050522648083624,0.6808475112574016,0.5966898954703832,0.826913915728814,0.5966898954703832,0.826913915728814,0.6210801393728224,0.8406129653193082,0.6210801393728224,0.8406129653193082,0.5949477351916377,0.8483613947028582,0.602787456445993,0.832420887653506,gen_dense_selfone,adj_negispos,same_true
1,0.7198067632850241,0.9233744190974783,0.7198067632850241,0.9233744190974783,0.32125603864734303,0.7809640558326625,0.32125603864734303,0.7809640558326625,0.3115942028985508,0.7766470560043741,0.3115942028985508,0.7766470560043741,0.42149758454106284,0.8023640542873338,0.3743961352657005,0.7911065843622589,gen_dense_selfone,adj_negispos,same_true
2,0.5364145658263305,0.6449201370145408,0.5364145658263305,0.6449201370145408,0.5294117647058824,0.6619970492126881,0.5294117647058824,0.6619970492126881,0.5420168067226891,0.6666141890428933,0.5420168067226891,0.6666141890428933,0.44537815126050423,0.6186827231126995,0.4551820728291317,0.6282459824149788,gen_dense_selfone,adj_negispos,same_true
3,0.5789473684210527,0.709466026643189,0.5789473684210527,0.709466026643189,0.2848297213622291,0.59371536205429,0.2848297213622291,0.59371536205429,0.2894736842105263,0.5967141104958271,0.2894736842105263,0.5967141104958271,0.359907120743034,0.6219478773354771,0.35835913312693496,0.6208821117635601,gen_dense_selfone,adj_negispos,same_true
4,0.4615384615384615,0.731954947569347,0.4615384615384615,0.731954947569347,0.5457875457875457,0.8097074190333409,0.5457875457875457,0.8097074190333409,0.5146520146520146,0.7999747491110445,0.5146520146520146,0.7999747491110445,0.5485347985347985,0.8244366744366747,0.5677655677655677,0.8233664081253598,gen_dense_selfone,adj_negispos,same_true
0,0.46777003484320556,0.7754028606022589,0.6655555555555555,0.9188095495698627,0.6541811846689896,0.8493950670687849,0.6388888888888888,0.8930592011835004,0.6437282229965157,0.851241630255761,0.6922222222222223,0.903397224306945,0.5644599303135888,0.8183918060206682,0.49666666666666665,0.8445236012296586,gen_dense_selfone,adj_negispos,same_false
1,0.6473429951690821,0.9075147865174943,0.4276556776556776,0.7001677215150348,0.4033816425120773,0.7990824564661716,0.5137362637362637,0.8089381989098107,0.43236714975845414,0.8029843160726842,0.5064102564102564,0.8043780704919045,0.41545893719806765,0.8001557710771603,0.6071428571428572,0.8319817787085761,gen_dense_selfone,adj_negispos,same_false
2,0.530812324929972,0.647212708716218,0.4422222222222222,0.7741983587423912,0.57703081232493,0.6816272669655161,0.4622222222222222,0.8124312471003284,0.5476190476190477,0.6705416126840208,0.41555555555555557,0.7999992653752528,0.48459383753501395,0.6378298060135137,0.5322222222222223,0.8410127355596833,gen_dense_selfone,adj_negispos,same_false
3,0.5820433436532508,0.6931967318135497,0.5211111111111111,0.831078413893242,0.4318885448916409,0.651468755274197,0.39666666666666667,0.7932960197686312,0.4272445820433436,0.6447308580072816,0.36111111111111116,0.7843211713816717,0.3397832817337461,0.602282481662764,0.4588888888888889,0.8043149173006221,gen_dense_selfone,adj_negispos,same_false
4,0.45787545787545786,0.7692480909481961,0.35256410256410253,0.6279934258997947,0.5586080586080586,0.8047520877296761,0.5897435897435898,0.8165903528254573,0.6245421245421245,0.8216670562191679,0.5512820512820513,0.8033248382837858,0.47802197802197804,0.7826783456897826,0.5753205128205128,0.7990702956925091,gen_dense_selfone,adj_negispos,same_false
0,0.5206666666666666,0.48179514164781206,0.5206666666666666,0.48179514164781206,0.5373333333333333,0.5399018561911011,0.5373333333333333,0.5399018561911011,0.548,0.5455856950242566,0.548,0.5455856950242566,0.5426666666666666,0.5515614385614385,0.5333333333333334,0.5301842793859848,gen_dense_selfone,adj_negiszero,same_true
1,0.6985714285714286,0.6777424722570273,0.6985714285714286,0.6777424722570273,0.41428571428571426,0.3380378810356348,0.41428571428571426,0.3380378810356348,0.41714285714285715,0.33934032246675266,0.41714285714285715,0.33934032246675266,0.495,0.3812623401243169,0.4057142857142857,0.3445934847489716,gen_dense_selfone,adj_negiszero,same_true
2,0.6163003663003663,0.3723510596248153,0.6163003663003663,0.3723510596248153,0.7353479853479854,0.4562883865340334,0.7353479853479854,0.4562883865340334,0.7316849816849818,0.4547833285478127,0.7316849816849818,0.4547833285478127,0.4441391941391941,0.30484482837424015,0.43223443223443225,0.31347935846995467,gen_dense_selfone,adj_negiszero,same_true
3,0.7099303135888502,0.4808368562648088,0.7099303135888502,0.4808368562648088,0.4390243902439025,0.2456221756176698,0.4390243902439025,0.2456221756176698,0.4207317073170731,0.23905019994680524,0.4207317073170731,0.23905019994680524,0.4076655052264808,0.23387316362543523,0.4111498257839721,0.23556187909783213,gen_dense_selfone,adj_negiszero,same_true
4,0.610733695652174,0.5324332247196532,0.610733695652174,0.5324332247196532,0.6039402173913043,0.5652116858266745,0.6039402173913043,0.5652116858266745,0.6324728260869565,0.5759282029029278,0.6324728260869565,0.5759282029029278,0.4938858695652174,0.4771815141380359,0.46127717391304346,0.47357178375332304,gen_dense_selfone,adj_negiszero,same_true
0,0.5379999999999999,0.5736081770852678,0.6037151702786377,0.4204061721166317,0.44600000000000006,0.4838165062723026,0.47755417956656343,0.3942511589500651,0.45799999999999996,0.4934696301519831,0.48297213622291024,0.3952045993222464,0.5573333333333332,0.5526000806525102,0.4643962848297214,0.4024429064583329,gen_dense_selfone,adj_negiszero,same_false
1,0.6542857142857142,0.5976954867987914,0.562,0.4691364220948366,0.34857142857142864,0.30479896009787316,0.4993333333333333,0.5096742665659074,0.31,0.2908349983349984,0.4913333333333333,0.5076453556763154,0.47285714285714286,0.36805755196815576,0.4826666666666667,0.4979400459651222,gen_dense_selfone,adj_negiszero,same_false
2,0.641941391941392,0.4530272249219664,0.49369747899159666,0.4271489844458558,0.5705128205128205,0.36249467546204867,0.5861344537815126,0.5207590307667949,0.5448717948717949,0.36104968322575404,0.5826330532212884,0.5117187224349944,0.5265567765567766,0.3416666217273505,0.6036414565826331,0.5278223722416648,gen_dense_selfone,adj_negiszero,same_false
3,0.3858885017421603,0.19558369679863502,0.6021220159151194,0.5869788084520484,0.4930313588850175,0.2663452518231323,0.40915119363395225,0.46313769750609657,0.47473867595818814,0.25885031806792447,0.40384615384615385,0.45750788634468914,0.43031358885017423,0.2392781146853027,0.4615384615384615,0.4850568935418483,gen_dense_selfone,adj_negiszero,same_false
4,0.484375,0.40925602164334357,0.45516304347826086,0.40381624191838544,0.6447010869565217,0.5756796137193982,0.5563858695652174,0.5449084528780499,0.6202445652173914,0.5680946078172693,0.5563858695652174,0.5418621690409199,0.5720108695652174,0.5370139555582547,0.5665760869565217,0.5411468911913018,gen_dense_selfone,adj_negiszero,same_false
0,0.4050522648083624,0.6808475112574016,0.4050522648083624,0.6808475112574016,0.5966898954703832,0.826913915728814,0.5966898954703832,0.826913915728814,0.6210801393728224,0.8406129653193082,0.6210801393728224,0.8406129653193082,0.5949477351916377,0.8483613947028582,0.602787456445993,0.832420887653506,gen_dense_selfextra,adj_negispos,same_true
1,0.7198067632850241,0.9233744190974783,0.7198067632850241,0.9233744190974783,0.32125603864734303,0.7809640558326625,0.32125603864734303,0.7809640558326625,0.3115942028985508,0.7766470560043741,0.3115942028985508,0.7766470560043741,0.42149758454106284,0.8023640542873338,0.3743961352657005,0.7911065843622589,gen_dense_selfextra,adj_negispos,same_true
2,0.5364145658263305,0.6449201370145408,0.5364145658263305,0.6449201370145408,0.5294117647058824,0.6619970492126881,0.5294117647058824,0.6619970492126881,0.5420168067226891,0.6666141890428933,0.5420168067226891,0.6666141890428933,0.44537815126050423,0.6186827231126995,0.4551820728291317,0.6282459824149788,gen_dense_selfextra,adj_negispos,same_true
3,0.5789473684210527,0.709466026643189,0.5789473684210527,0.709466026643189,0.2848297213622291,0.59371536205429,0.2848297213622291,0.59371536205429,0.2894736842105263,0.5967141104958271,0.2894736842105263,0.5967141104958271,0.359907120743034,0.6219478773354771,0.35835913312693496,0.6208821117635601,gen_dense_selfextra,adj_negispos,same_true
4,0.4615384615384615,0.731954947569347,0.4615384615384615,0.731954947569347,0.5457875457875457,0.8097074190333409,0.5457875457875457,0.8097074190333409,0.5146520146520146,0.7999747491110445,0.5146520146520146,0.7999747491110445,0.5485347985347985,0.8244366744366747,0.5677655677655677,0.8233664081253598,gen_dense_selfextra,adj_negispos,same_true
0,0.46777003484320556,0.7754028606022589,0.6655555555555555,0.9188095495698627,0.6541811846689896,0.8493950670687849,0.6388888888888888,0.8930592011835004,0.6437282229965157,0.851241630255761,0.6922222222222223,0.903397224306945,0.5644599303135888,0.8183918060206682,0.49666666666666665,0.8445236012296586,gen_dense_selfextra,adj_negispos,same_false
1,0.6473429951690821,0.9075147865174943,0.4276556776556776,0.7001677215150348,0.4033816425120773,0.7990824564661716,0.5137362637362637,0.8089381989098107,0.43236714975845414,0.8029843160726842,0.5064102564102564,0.8043780704919045,0.41545893719806765,0.8001557710771603,0.6071428571428572,0.8319817787085761,gen_dense_selfextra,adj_negispos,same_false
2,0.530812324929972,0.647212708716218,0.4422222222222222,0.7741983587423912,0.57703081232493,0.6816272669655161,0.4622222222222222,0.8124312471003284,0.5476190476190477,0.6705416126840208,0.41555555555555557,0.7999992653752528,0.48459383753501395,0.6378298060135137,0.5322222222222223,0.8410127355596833,gen_dense_selfextra,adj_negispos,same_false
3,0.5820433436532508,0.6931967318135497,0.5211111111111111,0.831078413893242,0.4318885448916409,0.651468755274197,0.39666666666666667,0.7932960197686312,0.4272445820433436,0.6447308580072816,0.36111111111111116,0.7843211713816717,0.3397832817337461,0.602282481662764,0.4588888888888889,0.8043149173006221,gen_dense_selfextra,adj_negispos,same_false
4,0.45787545787545786,0.7692480909481961,0.35256410256410253,0.6279934258997947,0.5586080586080586,0.8047520877296761,0.5897435897435898,0.8165903528254573,0.6245421245421245,0.8216670562191679,0.5512820512820513,0.8033248382837858,0.47802197802197804,0.7826783456897826,0.5753205128205128,0.7990702956925091,gen_dense_selfextra,adj_negispos,same_false
0,0.5206666666666666,0.48179514164781206,0.5206666666666666,0.48179514164781206,0.5373333333333333,0.5399018561911011,0.5373333333333333,0.5399018561911011,0.548,0.5455856950242566,0.548,0.5455856950242566,0.5426666666666666,0.5515614385614385,0.5333333333333334,0.5301842793859848,gen_dense_selfextra,adj_negiszero,same_true
1,0.6985714285714286,0.6777424722570273,0.6985714285714286,0.6777424722570273,0.41428571428571426,0.3380378810356348,0.41428571428571426,0.3380378810356348,0.41714285714285715,0.33934032246675266,0.41714285714285715,0.33934032246675266,0.495,0.3812623401243169,0.4057142857142857,0.3445934847489716,gen_dense_selfextra,adj_negiszero,same_true
2,0.6163003663003663,0.3723510596248153,0.6163003663003663,0.3723510596248153,0.7353479853479854,0.4562883865340334,0.7353479853479854,0.4562883865340334,0.7316849816849818,0.4547833285478127,0.7316849816849818,0.4547833285478127,0.4441391941391941,0.30484482837424015,0.43223443223443225,0.31347935846995467,gen_dense_selfextra,adj_negiszero,same_true
3,0.7099303135888502,0.4808368562648088,0.7099303135888502,0.4808368562648088,0.4390243902439025,0.2456221756176698,0.4390243902439025,0.2456221756176698,0.4207317073170731,0.23905019994680524,0.4207317073170731,0.23905019994680524,0.4076655052264808,0.23387316362543523,0.4111498257839721,0.23556187909783213,gen_dense_selfextra,adj_negiszero,same_true
4,0.610733695652174,0.5324332247196532,0.610733695652174,0.5324332247196532,0.6039402173913043,0.5652116858266745,0.6039402173913043,0.5652116858266745,0.6324728260869565,0.5759282029029278,0.6324728260869565,0.5759282029029278,0.4938858695652174,0.4771815141380359,0.46127717391304346,0.47357178375332304,gen_dense_selfextra,adj_negiszero,same_true
0,0.5379999999999999,0.5736081770852678,0.6037151702786377,0.4204061721166317,0.44600000000000006,0.4838165062723026,0.47755417956656343,0.3942511589500651,0.45799999999999996,0.4934696301519831,0.48297213622291024,0.3952045993222464,0.5573333333333332,0.5526000806525102,0.4643962848297214,0.4024429064583329,gen_dense_selfextra,adj_negiszero,same_false
1,0.6542857142857142,0.5976954867987914,0.562,0.4691364220948366,0.34857142857142864,0.30479896009787316,0.4993333333333333,0.5096742665659074,0.31,0.2908349983349984,0.4913333333333333,0.5076453556763154,0.47285714285714286,0.36805755196815576,0.4826666666666667,0.4979400459651222,gen_dense_selfextra,adj_negiszero,same_false
2,0.641941391941392,0.4530272249219664,0.49369747899159666,0.4271489844458558,0.5705128205128205,0.36249467546204867,0.5861344537815126,0.5207590307667949,0.5448717948717949,0.36104968322575404,0.5826330532212884,0.5117187224349944,0.5265567765567766,0.3416666217273505,0.6036414565826331,0.5278223722416648,gen_dense_selfextra,adj_negiszero,same_false
3,0.3858885017421603,0.19558369679863502,0.6021220159151194,0.5869788084520484,0.4930313588850175,0.2663452518231323,0.40915119363395225,0.46313769750609657,0.47473867595818814,0.25885031806792447,0.40384615384615385,0.45750788634468914,0.43031358885017423,0.2392781146853027,0.4615384615384615,0.4850568935418483,gen_dense_selfextra,adj_negiszero,same_false
4,0.484375,0.40925602164334357,0.45516304347826086,0.40381624191838544,0.6447010869565217,0.5756796137193982,0.5563858695652174,0.5449084528780499,0.6202445652173914,0.5680946078172693,0.5563858695652174,0.5418621690409199,0.5720108695652174,0.5370139555582547,0.5665760869565217,0.5411468911913018,gen_dense_selfextra,adj_negiszero,same_false
0,0.40756302521008403,0.575740442727101,0.40756302521008403,0.575740442727101,0.4593837535014006,0.670823627651377,0.4593837535014006,0.670823627651377,0.473389355742297,0.6761829370506813,0.473389355742297,0.6761829370506813,0.5700280112044818,0.7540106951871658,0.5567226890756303,0.7143796322790861,gen_posonly_binary_any,adj_negispos,same_true
1,0.5431034482758621,0.5808870217557255,0.5431034482758621,0.5808870217557255,0.5484084880636605,0.5864000382377396,0.5484084880636605,0.5864000382377396,0.5669761273209549,0.5941278218315482,0.5669761273209549,0.5941278218315482,0.47413793103448276,0.5355799373040752,0.536472148541114,0.5745017133731205,gen_posonly_binary_any,adj_negispos,same_true
2,0.5364721485411141,0.44605901165112605,0.5364721485411141,0.44605901165112605,0.33620689655172414,0.38178300965916206,0.33620689655172414,0.38178300965916206,0.30305039787798405,0.37230581127525153,0.30305039787798405,0.37230581127525153,0.386604774535809,0.3650279207971516,0.4403183023872679,0.41983795329519397,gen_posonly_binary_any,adj_negispos,same_true
3,0.43700265251989395,0.44507874571673495,0.43700265251989395,0.44507874571673495,0.4436339522546419,0.514603320053404,0.4436339522546419,0.514603320053404,0.4741379310344827,0.524306385514226,0.4741379310344827,0.524306385514226,0.5470822281167108,0.5669005673813367,0.5875331564986738,0.5772899819346924,gen_posonly_binary_any,adj_negispos,same_true
4,0.5998641304347827,0.5206728989809982,0.5998641304347827,0.5206728989809982,0.32948369565217395,0.3330892900359539,0.32948369565217395,0.3330892900359539,0.34578804347826086,0.33889218628845585,0.34578804347826086,0.33889218628845585,0.38111413043478254,0.32328613415569935,0.3960597826086957,0.35577456032698807,gen_posonly_binary_any,adj_negispos,same_true
0,0.4103641456582633,0.5841989117484353,0.5875331564986738,0.4877238724469643,0.5378151260504203,0.7000341068768203,0.5358090185676393,0.47998845241885363,0.4803921568627451,0.6723342812889523,0.5238726790450929,0.48143237945743145,0.546218487394958,0.7133244206773618,0.34748010610079577,0.396287578743344,gen_posonly_binary_any,adj_negispos,same_false
1,0.5059681697612732,0.5689857053755367,0.512768817204301,0.5558383747967927,0.4436339522546419,0.5307294472416274,0.49529569892473113,0.5986255287826293,0.4582228116710876,0.5382028533381558,0.4885752688172043,0.5953183708155358,0.49005305039787805,0.5543887147335423,0.36357526881720426,0.5328359067518402,gen_posonly_binary_any,adj_negispos,same_false
2,0.5576923076923077,0.494483717855732,0.31725543478260876,0.3246118412707988,0.4807692307692308,0.43798173497817416,0.5754076086956522,0.5927133215755609,0.49005305039787794,0.44367335542425235,0.5889945652173914,0.5897436958697871,0.36405835543766585,0.2965034965034965,0.6202445652173914,0.6100660936802422,gen_posonly_binary_any,adj_negispos,same_false
3,0.45689655172413796,0.4274070355933164,0.4636243386243386,0.4814255312092441,0.5391246684350133,0.5502685039922586,0.7043650793650793,0.7150096307507692,0.529840848806366,0.5473852087880842,0.6871693121693122,0.7094311741942614,0.5258620689655172,0.5559440559440559,0.4808201058201058,0.5826653903821974,gen_posonly_binary_any,adj_negispos,same_false
4,0.5998641304347827,0.47126402659770866,0.6447010869565217,0.6766150533052856,0.37024456521739135,0.3446626355591602,0.4191576086956522,0.5376639744332055,0.3797554347826087,0.34781733506611423,0.40828804347826086,0.5338715553914958,0.3824728260869565,0.32381314337836076,0.45176630434782605,0.5523377424876103,gen_posonly_binary_any,adj_negispos,same_false
0,0.40756302521008403,0.575740442727101,0.40756302521008403,0.575740442727101,0.5672268907563025,0.7172090309481411,0.5672268907563025,0.7172090309481411,0.5742296918767507,0.7227561884221835,0.5742296918767507,0.7227561884221835,0.5700280112044818,0.7540106951871658,0.5567226890756303,0.7143796322790861,gen_posonly_binary_any,adj_negiszero,same_true
1,0.5431034482758621,0.5808870217557255,0.5431034482758621,0.5808870217557255,0.5391246684350133,0.5897184991178102,0.5391246684350133,0.5897184991178102,0.5557029177718833,0.5975796703866258,0.5557029177718833,0.5975796703866258,0.47413793103448276,0.5355799373040752,0.536472148541114,0.5745017133731205,gen_posonly_binary_any,adj_negiszero,same_true
2,0.5364721485411141,0.44605901165112605,0.5364721485411141,0.44605901165112605,0.3362068965517242,0.37502213011849994,0.3362068965517242,0.37502213011849994,0.28978779840848806,0.3547911537811235,0.28978779840848806,0.3547911537811235,0.386604774535809,0.3650279207971516,0.4403183023872679,0.41983795329519397,gen_posonly_binary_any,adj_negiszero,same_true
3,0.43700265251989395,0.44507874571673495,0.43700265251989395,0.44507874571673495,0.5099469496021221,0.5305840021427066,0.5099469496021221,0.5305840021427066,0.5311671087533156,0.5475412500626838,0.5311671087533156,0.5475412500626838,0.5470822281167108,0.5669005673813367,0.5875331564986738,0.5772899819346924,gen_posonly_binary_any,adj_negiszero,same_true
4,0.5998641304347827,0.5206728989809982,0.5998641304347827,0.5206728989809982,0.4069293478260869,0.35929978129030204,0.4069293478260869,0.35929978129030204,0.4014945652173913,0.35439156275080563,0.4014945652173913,0.35439156275080563,0.38111413043478254,0.32328613415569935,0.3960597826086957,0.35577456032698807,gen_posonly_binary_any,adj_negiszero,same_true
0,0.4103641456582633,0.5841989117484353,0.5875331564986738,0.4877238724469643,0.6414565826330533,0.7817978229959199,0.39389920424403185,0.39996404425137455,0.6148459383753501,0.7624381361621846,0.3607427055702918,0.37659830742409933,0.546218487394958,0.7133244206773618,0.34748010610079577,0.396287578743344,gen_posonly_binary_any,adj_negiszero,same_false
1,0.5059681697612732,0.5689857053755367,0.512768817204301,0.5558383747967927,0.4907161803713528,0.5599858358499149,0.5080645161290323,0.5985732605851128,0.4960212201591512,0.5636436006559181,0.5053763440860215,0.5959590627376531,0.49005305039787805,0.5543887147335423,0.36357526881720426,0.5328359067518402,gen_posonly_binary_any,adj_negiszero,same_false
2,0.5576923076923077,0.494483717855732,0.31725543478260876,0.3246118412707988,0.32161803713527853,0.36260302693456414,0.7105978260869565,0.6800835377805331,0.3322281167108754,0.3714699027643047,0.6929347826086957,0.6667657245580785,0.36405835543766585,0.2965034965034965,0.6202445652173914,0.6100660936802422,gen_posonly_binary_any,adj_negiszero,same_false
3,0.45689655172413796,0.4274070355933164,0.4636243386243386,0.4814255312092441,0.519893899204244,0.5393018300689875,0.4914021164021164,0.5888302970673738,0.5172413793103448,0.5355778266394705,0.4887566137566138,0.5856550132807791,0.5258620689655172,0.5559440559440559,0.4808201058201058,0.5826653903821974,gen_posonly_binary_any,adj_negiszero,same_false
4,0.5998641304347827,0.47126402659770866,0.6447010869565217,0.6766150533052856,0.40964673913043476,0.3616013597959351,0.39877717391304346,0.5242374035274369,0.4014945652173913,0.3579591651261028,0.3967391304347826,0.5240784761814535,0.3824728260869565,0.32381314337836076,0.45176630434782605,0.5523377424876103,gen_posonly_binary_any,adj_negiszero,same_false
0,0.40756302521008403,0.575740442727101,0.40756302521008403,0.575740442727101,0.603641456582633,0.7281733596050348,0.603641456582633,0.7281733596050348,0.6092436974789915,0.7331495404009296,0.6092436974789915,0.7331495404009296,0.5700280112044818,0.7540106951871658,0.5567226890756303,0.7143796322790861,gen_posonly_binary_any,adj_asis,same_true
1,0.5431034482758621,0.5808870217557255,0.5431034482758621,0.5808870217557255,0.5179045092838196,0.5820091638480495,0.5179045092838196,0.5820091638480495,0.5192307692307692,0.5829371129746154,0.5192307692307692,0.5829371129746154,0.47413793103448276,0.5355799373040752,0.536472148541114,0.5745017133731205,gen_posonly_binary_any,adj_asis,same_true
2,0.5364721485411141,0.44605901165112605,0.5364721485411141,0.44605901165112605,0.3415119363395225,0.3813003380571315,0.3415119363395225,0.3813003380571315,0.3057029177718833,0.3685546317457555,0.3057029177718833,0.3685546317457555,0.386604774535809,0.3650279207971516,0.4403183023872679,0.41983795329519397,gen_posonly_binary_any,adj_asis,same_true
3,0.43700265251989395,0.44507874571673495,0.43700265251989395,0.44507874571673495,0.5271883289124669,0.5383605555686618,0.5271883289124669,0.5383605555686618,0.5324933687002653,0.5442458554722992,0.5324933687002653,0.5442458554722992,0.5470822281167108,0.5669005673813367,0.5875331564986738,0.5772899819346924,gen_posonly_binary_any,adj_asis,same_true
4,0.5998641304347827,0.5206728989809982,0.5998641304347827,0.5206728989809982,0.4368206521739131,0.3713585055929207,0.4368206521739131,0.3713585055929207,0.42866847826086957,0.3680660384141101,0.42866847826086957,0.3680660384141101,0.38111413043478254,0.32328613415569935,0.3960597826086957,0.35577456032698807,gen_posonly_binary_any,adj_asis,same_true
0,0.4103641456582633,0.5841989117484353,0.5875331564986738,0.4877238724469643,0.6204481792717086,0.7491170857152467,0.29442970822281167,0.3855632845810626,0.6722689075630252,0.7710848085222187,0.2692307692307693,0.37666880326493324,0.546218487394958,0.7133244206773618,0.34748010610079577,0.396287578743344,gen_posonly_binary_any,adj_asis,same_false
1,0.5059681697612732,0.5689857053755367,0.512768817204301,0.5558383747967927,0.5285145888594165,0.5728379019074867,0.48723118279569894,0.5919401788351034,0.5298408488063661,0.5752967280827679,0.4831989247311828,0.5890593637745368,0.49005305039787805,0.5543887147335423,0.36357526881720426,0.5328359067518402,gen_posonly_binary_any,adj_asis,same_false
2,0.5576923076923077,0.494483717855732,0.31725543478260876,0.3246118412707988,0.3030503978779841,0.37164443437004185,0.7221467391304347,0.6809543859505487,0.289787798408488,0.3675256146705674,0.7004076086956523,0.6664769151926908,0.36405835543766585,0.2965034965034965,0.6202445652173914,0.6100660936802422,gen_posonly_binary_any,adj_asis,same_false
3,0.45689655172413796,0.4274070355933164,0.4636243386243386,0.4814255312092441,0.5099469496021221,0.5355141361332467,0.4358465608465608,0.5757294676019937,0.5072944297082228,0.5323614930764253,0.4398148148148149,0.5746884383133604,0.5258620689655172,0.5559440559440559,0.4808201058201058,0.5826653903821974,gen_posonly_binary_any,adj_asis,same_false
4,0.5998641304347827,0.47126402659770866,0.6447010869565217,0.6766150533052856,0.436820652173913,0.372525101765636,0.35801630434782605,0.511912451624558,0.43138586956521735,0.3704869988995526,0.37024456521739124,0.5171870841092234,0.3824728260869565,0.32381314337836076,0.45176630434782605,0.5523377424876103,gen_posonly_binary_any,adj_asis,same_false
0,0.40756302521008403,0.575740442727101,0.40756302521008403,0.575740442727101,0.4593837535014006,0.670823627651377,0.4593837535014006,0.670823627651377,0.473389355742297,0.6761829370506813,0.473389355742297,0.6761829370506813,0.5700280112044818,0.7540106951871658,0.5567226890756303,0.7143796322790861,gen_posonly_binary_selfzero,adj_negispos,same_true
1,0.5431034482758621,0.5808870217557255,0.5431034482758621,0.5808870217557255,0.5484084880636605,0.5864000382377396,0.5484084880636605,0.5864000382377396,0.5669761273209549,0.5941278218315482,0.5669761273209549,0.5941278218315482,0.47413793103448276,0.5355799373040752,0.536472148541114,0.5745017133731205,gen_posonly_binary_selfzero,adj_negispos,same_true
2,0.5364721485411141,0.44605901165112605,0.5364721485411141,0.44605901165112605,0.33620689655172414,0.38178300965916206,0.33620689655172414,0.38178300965916206,0.30305039787798405,0.37230581127525153,0.30305039787798405,0.37230581127525153,0.386604774535809,0.3650279207971516,0.4403183023872679,0.41983795329519397,gen_posonly_binary_selfzero,adj_negispos,same_true
3,0.43700265251989395,0.44507874571673495,0.43700265251989395,0.44507874571673495,0.4436339522546419,0.514603320053404,0.4436339522546419,0.514603320053404,0.4741379310344827,0.524306385514226,0.4741379310344827,0.524306385514226,0.5470822281167108,0.5669005673813367,0.5875331564986738,0.5772899819346924,gen_posonly_binary_selfzero,adj_negispos,same_true
4,0.5998641304347827,0.5206728989809982,0.5998641304347827,0.5206728989809982,0.32948369565217395,0.3330892900359539,0.32948369565217395,0.3330892900359539,0.34578804347826086,0.33889218628845585,0.34578804347826086,0.33889218628845585,0.38111413043478254,0.32328613415569935,0.3960597826086957,0.35577456032698807,gen_posonly_binary_selfzero,adj_negispos,same_true
0,0.4103641456582633,0.5841989117484353,0.5875331564986738,0.4877238724469643,0.5378151260504203,0.7000341068768203,0.5358090185676393,0.47998845241885363,0.4803921568627451,0.6723342812889523,0.5238726790450929,0.48143237945743145,0.546218487394958,0.7133244206773618,0.34748010610079577,0.396287578743344,gen_posonly_binary_selfzero,adj_negispos,same_false
1,0.5059681697612732,0.5689857053755367,0.512768817204301,0.5558383747967927,0.4436339522546419,0.5307294472416274,0.49529569892473113,0.5986255287826293,0.4582228116710876,0.5382028533381558,0.4885752688172043,0.5953183708155358,0.49005305039787805,0.5543887147335423,0.36357526881720426,0.5328359067518402,gen_posonly_binary_selfzero,adj_negispos,same_false
2,0.5576923076923077,0.494483717855732,0.31725543478260876,0.3246118412707988,0.4807692307692308,0.43798173497817416,0.5754076086956522,0.5927133215755609,0.49005305039787794,0.44367335542425235,0.5889945652173914,0.5897436958697871,0.36405835543766585,0.2965034965034965,0.6202445652173914,0.6100660936802422,gen_posonly_binary_selfzero,adj_negispos,same_false
3,0.45689655172413796,0.4274070355933164,0.4636243386243386,0.4814255312092441,0.5391246684350133,0.5502685039922586,0.7043650793650793,0.7150096307507692,0.529840848806366,0.5473852087880842,0.6871693121693122,0.7094311741942614,0.5258620689655172,0.5559440559440559,0.4808201058201058,0.5826653903821974,gen_posonly_binary_selfzero,adj_negispos,same_false
4,0.5998641304347827,0.47126402659770866,0.6447010869565217,0.6766150533052856,0.37024456521739135,0.3446626355591602,0.4191576086956522,0.5376639744332055,0.3797554347826087,0.34781733506611423,0.40828804347826086,0.5338715553914958,0.3824728260869565,0.32381314337836076,0.45176630434782605,0.5523377424876103,gen_posonly_binary_selfzero,adj_negispos,same_false
0,0.40756302521008403,0.575740442727101,0.40756302521008403,0.575740442727101,0.5672268907563025,0.7172090309481411,0.5672268907563025,0.7172090309481411,0.5742296918767507,0.7227561884221835,0.5742296918767507,0.7227561884221835,0.5700280112044818,0.7540106951871658,0.5567226890756303,0.7143796322790861,gen_posonly_binary_selfzero,adj_negiszero,same_true
1,0.5431034482758621,0.5808870217557255,0.5431034482758621,0.5808870217557255,0.5391246684350133,0.5897184991178102,0.5391246684350133,0.5897184991178102,0.5557029177718833,0.5975796703866258,0.5557029177718833,0.5975796703866258,0.47413793103448276,0.5355799373040752,0.536472148541114,0.5745017133731205,gen_posonly_binary_selfzero,adj_negiszero,same_true
2,0.5364721485411141,0.44605901165112605,0.5364721485411141,0.44605901165112605,0.3362068965517242,0.37502213011849994,0.3362068965517242,0.37502213011849994,0.28978779840848806,0.3547911537811235,0.28978779840848806,0.3547911537811235,0.386604774535809,0.3650279207971516,0.4403183023872679,0.41983795329519397,gen_posonly_binary_selfzero,adj_negiszero,same_true
3,0.43700265251989395,0.44507874571673495,0.43700265251989395,0.44507874571673495,0.5099469496021221,0.5305840021427066,0.5099469496021221,0.5305840021427066,0.5311671087533156,0.5475412500626838,0.5311671087533156,0.5475412500626838,0.5470822281167108,0.5669005673813367,0.5875331564986738,0.5772899819346924,gen_posonly_binary_selfzero,adj_negiszero,same_true
4,0.5998641304347827,0.5206728989809982,0.5998641304347827,0.5206728989809982,0.4069293478260869,0.35929978129030204,0.4069293478260869,0.35929978129030204,0.4014945652173913,0.35439156275080563,0.4014945652173913,0.35439156275080563,0.38111413043478254,0.32328613415569935,0.3960597826086957,0.35577456032698807,gen_posonly_binary_selfzero,adj_negiszero,same_true
0,0.4103641456582633,0.5841989117484353,0.5875331564986738,0.4877238724469643,0.6414565826330533,0.7817978229959199,0.39389920424403185,0.39996404425137455,0.6148459383753501,0.7624381361621846,0.3607427055702918,0.37659830742409933,0.546218487394958,0.7133244206773618,0.34748010610079577,0.396287578743344,gen_posonly_binary_selfzero,adj_negiszero,same_false
1,0.5059681697612732,0.5689857053755367,0.512768817204301,0.5558383747967927,0.4907161803713528,0.5599858358499149,0.5080645161290323,0.5985732605851128,0.4960212201591512,0.5636436006559181,0.5053763440860215,0.5959590627376531,0.49005305039787805,0.5543887147335423,0.36357526881720426,0.5328359067518402,gen_posonly_binary_selfzero,adj_negiszero,same_false
2,0.5576923076923077,0.494483717855732,0.31725543478260876,0.3246118412707988,0.32161803713527853,0.36260302693456414,0.7105978260869565,0.6800835377805331,0.3322281167108754,0.3714699027643047,0.6929347826086957,0.6667657245580785,0.36405835543766585,0.2965034965034965,0.6202445652173914,0.6100660936802422,gen_posonly_binary_selfzero,adj_negiszero,same_false
3,0.45689655172413796,0.4274070355933164,0.4636243386243386,0.4814255312092441,0.519893899204244,0.5393018300689875,0.4914021164021164,0.5888302970673738,0.5172413793103448,0.5355778266394705,0.4887566137566138,0.5856550132807791,0.5258620689655172,0.5559440559440559,0.4808201058201058,0.5826653903821974,gen_posonly_binary_selfzero,adj_negiszero,same_false
4,0.5998641304347827,0.47126402659770866,0.6447010869565217,0.6766150533052856,0.40964673913043476,0.3616013597959351,0.39877717391304346,0.5242374035274369,0.4014945652173913,0.3579591651261028,0.3967391304347826,0.5240784761814535,0.3824728260869565,0.32381314337836076,0.45176630434782605,0.5523377424876103,gen_posonly_binary_selfzero,adj_negiszero,same_false
0,0.40756302521008403,0.575740442727101,0.40756302521008403,0.575740442727101,0.603641456582633,0.7281733596050348,0.603641456582633,0.7281733596050348,0.6092436974789915,0.7331495404009296,0.6092436974789915,0.7331495404009296,0.5700280112044818,0.7540106951871658,0.5567226890756303,0.7143796322790861,gen_posonly_binary_selfzero,adj_asis,same_true
1,0.5431034482758621,0.5808870217557255,0.5431034482758621,0.5808870217557255,0.5179045092838196,0.5820091638480495,0.5179045092838196,0.5820091638480495,0.5192307692307692,0.5829371129746154,0.5192307692307692,0.5829371129746154,0.47413793103448276,0.5355799373040752,0.536472148541114,0.5745017133731205,gen_posonly_binary_selfzero,adj_asis,same_true
2,0.5364721485411141,0.44605901165112605,0.5364721485411141,0.44605901165112605,0.3415119363395225,0.3813003380571315,0.3415119363395225,0.3813003380571315,0.3057029177718833,0.3685546317457555,0.3057029177718833,0.3685546317457555,0.386604774535809,0.3650279207971516,0.4403183023872679,0.41983795329519397,gen_posonly_binary_selfzero,adj_asis,same_true
3,0.43700265251989395,0.44507874571673495,0.43700265251989395,0.44507874571673495,0.5271883289124669,0.5383605555686618,0.5271883289124669,0.5383605555686618,0.5324933687002653,0.5442458554722992,0.5324933687002653,0.5442458554722992,0.5470822281167108,0.5669005673813367,0.5875331564986738,0.5772899819346924,gen_posonly_binary_selfzero,adj_asis,same_true
4,0.5998641304347827,0.5206728989809982,0.5998641304347827,0.5206728989809982,0.4368206521739131,0.3713585055929207,0.4368206521739131,0.3713585055929207,0.42866847826086957,0.3680660384141101,0.42866847826086957,0.3680660384141101,0.38111413043478254,0.32328613415569935,0.3960597826086957,0.35577456032698807,gen_posonly_binary_selfzero,adj_asis,same_true
0,0.4103641456582633,0.5841989117484353,0.5875331564986738,0.4877238724469643,0.6204481792717086,0.7491170857152467,0.29442970822281167,0.3855632845810626,0.6722689075630252,0.7710848085222187,0.2692307692307693,0.37666880326493324,0.546218487394958,0.7133244206773618,0.34748010610079577,0.396287578743344,gen_posonly_binary_selfzero,adj_asis,same_false
1,0.5059681697612732,0.5689857053755367,0.512768817204301,0.5558383747967927,0.5285145888594165,0.5728379019074867,0.48723118279569894,0.5919401788351034,0.5298408488063661,0.5752967280827679,0.4831989247311828,0.5890593637745368,0.49005305039787805,0.5543887147335423,0.36357526881720426,0.5328359067518402,gen_posonly_binary_selfzero,adj_asis,same_false
2,0.5576923076923077,0.494483717855732,0.31725543478260876,0.3246118412707988,0.3030503978779841,0.37164443437004185,0.7221467391304347,0.6809543859505487,0.289787798408488,0.3675256146705674,0.7004076086956523,0.6664769151926908,0.36405835543766585,0.2965034965034965,0.6202445652173914,0.6100660936802422,gen_posonly_binary_selfzero,adj_asis,same_false
3,0.45689655172413796,0.4274070355933164,0.4636243386243386,0.4814255312092441,0.5099469496021221,0.5355141361332467,0.4358465608465608,0.5757294676019937,0.5072944297082228,0.5323614930764253,0.4398148148148149,0.5746884383133604,0.5258620689655172,0.5559440559440559,0.4808201058201058,0.5826653903821974,gen_posonly_binary_selfzero,adj_asis,same_false
4,0.5998641304347827,0.47126402659770866,0.6447010869565217,0.6766150533052856,0.436820652173913,0.372525101765636,0.35801630434782605,0.511912451624558,0.43138586956521735,0.3704869988995526,0.37024456521739124,0.5171870841092234,0.3824728260869565,0.32381314337836076,0.45176630434782605,0.5523377424876103,gen_posonly_binary_selfzero,adj_asis,same_false
0,0.40756302521008403,0.575740442727101,0.40756302521008403,0.575740442727101,0.4593837535014006,0.670823627651377,0.4593837535014006,0.670823627651377,0.473389355742297,0.6761829370506813,0.473389355742297,0.6761829370506813,0.5700280112044818,0.7540106951871658,0.5567226890756303,0.7143796322790861,gen_posonly_binary_selfone,adj_negispos,same_true
1,0.5431034482758621,0.5808870217557255,0.5431034482758621,0.5808870217557255,0.5484084880636605,0.5864000382377396,0.5484084880636605,0.5864000382377396,0.5669761273209549,0.5941278218315482,0.5669761273209549,0.5941278218315482,0.47413793103448276,0.5355799373040752,0.536472148541114,0.5745017133731205,gen_posonly_binary_selfone,adj_negispos,same_true
2,0.5364721485411141,0.44605901165112605,0.5364721485411141,0.44605901165112605,0.33620689655172414,0.38178300965916206,0.33620689655172414,0.38178300965916206,0.30305039787798405,0.37230581127525153,0.30305039787798405,0.37230581127525153,0.386604774535809,0.3650279207971516,0.4403183023872679,0.41983795329519397,gen_posonly_binary_selfone,adj_negispos,same_true
3,0.43700265251989395,0.44507874571673495,0.43700265251989395,0.44507874571673495,0.4436339522546419,0.514603320053404,0.4436339522546419,0.514603320053404,0.4741379310344827,0.524306385514226,0.4741379310344827,0.524306385514226,0.5470822281167108,0.5669005673813367,0.5875331564986738,0.5772899819346924,gen_posonly_binary_selfone,adj_negispos,same_true
4,0.5998641304347827,0.5206728989809982,0.5998641304347827,0.5206728989809982,0.32948369565217395,0.3330892900359539,0.32948369565217395,0.3330892900359539,0.34578804347826086,0.33889218628845585,0.34578804347826086,0.33889218628845585,0.38111413043478254,0.32328613415569935,0.3960597826086957,0.35577456032698807,gen_posonly_binary_selfone,adj_negispos,same_true
0,0.4103641456582633,0.5841989117484353,0.5875331564986738,0.4877238724469643,0.5378151260504203,0.7000341068768203,0.5358090185676393,0.47998845241885363,0.4803921568627451,0.6723342812889523,0.5238726790450929,0.48143237945743145,0.546218487394958,0.7133244206773618,0.34748010610079577,0.396287578743344,gen_posonly_binary_selfone,adj_negispos,same_false
1,0.5059681697612732,0.5689857053755367,0.512768817204301,0.5558383747967927,0.4436339522546419,0.5307294472416274,0.49529569892473113,0.5986255287826293,0.4582228116710876,0.5382028533381558,0.4885752688172043,0.5953183708155358,0.49005305039787805,0.5543887147335423,0.36357526881720426,0.5328359067518402,gen_posonly_binary_selfone,adj_negispos,same_false
2,0.5576923076923077,0.494483717855732,0.31725543478260876,0.3246118412707988,0.4807692307692308,0.43798173497817416,0.5754076086956522,0.5927133215755609,0.49005305039787794,0.44367335542425235,0.5889945652173914,0.5897436958697871,0.36405835543766585,0.2965034965034965,0.6202445652173914,0.6100660936802422,gen_posonly_binary_selfone,adj_negispos,same_false
3,0.45689655172413796,0.4274070355933164,0.4636243386243386,0.4814255312092441,0.5391246684350133,0.5502685039922586,0.7043650793650793,0.7150096307507692,0.529840848806366,0.5473852087880842,0.6871693121693122,0.7094311741942614,0.5258620689655172,0.5559440559440559,0.4808201058201058,0.5826653903821974,gen_posonly_binary_selfone,adj_negispos,same_false
4,0.5998641304347827,0.47126402659770866,0.6447010869565217,0.6766150533052856,0.37024456521739135,0.3446626355591602,0.4191576086956522,0.5376639744332055,0.3797554347826087,0.34781733506611423,0.40828804347826086,0.5338715553914958,0.3824728260869565,0.32381314337836076,0.45176630434782605,0.5523377424876103,gen_posonly_binary_selfone,adj_negispos,same_false
0,0.40756302521008403,0.575740442727101,0.40756302521008403,0.575740442727101,0.5672268907563025,0.7172090309481411,0.5672268907563025,0.7172090309481411,0.5742296918767507,0.7227561884221835,0.5742296918767507,0.7227561884221835,0.5700280112044818,0.7540106951871658,0.5567226890756303,0.7143796322790861,gen_posonly_binary_selfone,adj_negiszero,same_true
1,0.5431034482758621,0.5808870217557255,0.5431034482758621,0.5808870217557255,0.5391246684350133,0.5897184991178102,0.5391246684350133,0.5897184991178102,0.5557029177718833,0.5975796703866258,0.5557029177718833,0.5975796703866258,0.47413793103448276,0.5355799373040752,0.536472148541114,0.5745017133731205,gen_posonly_binary_selfone,adj_negiszero,same_true
2,0.5364721485411141,0.44605901165112605,0.5364721485411141,0.44605901165112605,0.3362068965517242,0.37502213011849994,0.3362068965517242,0.37502213011849994,0.28978779840848806,0.3547911537811235,0.28978779840848806,0.3547911537811235,0.386604774535809,0.3650279207971516,0.4403183023872679,0.41983795329519397,gen_posonly_binary_selfone,adj_negiszero,same_true
3,0.43700265251989395,0.44507874571673495,0.43700265251989395,0.44507874571673495,0.5099469496021221,0.5305840021427066,0.5099469496021221,0.5305840021427066,0.5311671087533156,0.5475412500626838,0.5311671087533156,0.5475412500626838,0.5470822281167108,0.5669005673813367,0.5875331564986738,0.5772899819346924,gen_posonly_binary_selfone,adj_negiszero,same_true
4,0.5998641304347827,0.5206728989809982,0.5998641304347827,0.5206728989809982,0.4069293478260869,0.35929978129030204,0.4069293478260869,0.35929978129030204,0.4014945652173913,0.35439156275080563,0.4014945652173913,0.35439156275080563,0.38111413043478254,0.32328613415569935,0.3960597826086957,0.35577456032698807,gen_posonly_binary_selfone,adj_negiszero,same_true
0,0.4103641456582633,0.5841989117484353,0.5875331564986738,0.4877238724469643,0.6414565826330533,0.7817978229959199,0.39389920424403185,0.39996404425137455,0.6148459383753501,0.7624381361621846,0.3607427055702918,0.37659830742409933,0.546218487394958,0.7133244206773618,0.34748010610079577,0.396287578743344,gen_posonly_binary_selfone,adj_negiszero,same_false
1,0.5059681697612732,0.5689857053755367,0.512768817204301,0.5558383747967927,0.4907161803713528,0.5599858358499149,0.5080645161290323,0.5985732605851128,0.4960212201591512,0.5636436006559181,0.5053763440860215,0.5959590627376531,0.49005305039787805,0.5543887147335423,0.36357526881720426,0.5328359067518402,gen_posonly_binary_selfone,adj_negiszero,same_false
2,0.5576923076923077,0.494483717855732,0.31725543478260876,0.3246118412707988,0.32161803713527853,0.36260302693456414,0.7105978260869565,0.6800835377805331,0.3322281167108754,0.3714699027643047,0.6929347826086957,0.6667657245580785,0.36405835543766585,0.2965034965034965,0.6202445652173914,0.6100660936802422,gen_posonly_binary_selfone,adj_negiszero,same_false
3,0.45689655172413796,0.4274070355933164,0.4636243386243386,0.4814255312092441,0.519893899204244,0.5393018300689875,0.4914021164021164,0.5888302970673738,0.5172413793103448,0.5355778266394705,0.4887566137566138,0.5856550132807791,0.5258620689655172,0.5559440559440559,0.4808201058201058,0.5826653903821974,gen_posonly_binary_selfone,adj_negiszero,same_false
4,0.5998641304347827,0.47126402659770866,0.6447010869565217,0.6766150533052856,0.40964673913043476,0.3616013597959351,0.39877717391304346,0.5242374035274369,0.4014945652173913,0.3579591651261028,0.3967391304347826,0.5240784761814535,0.3824728260869565,0.32381314337836076,0.45176630434782605,0.5523377424876103,gen_posonly_binary_selfone,adj_negiszero,same_false
0,0.40756302521008403,0.575740442727101,0.40756302521008403,0.575740442727101,0.603641456582633,0.7281733596050348,0.603641456582633,0.7281733596050348,0.6092436974789915,0.7331495404009296,0.6092436974789915,0.7331495404009296,0.5700280112044818,0.7540106951871658,0.5567226890756303,0.7143796322790861,gen_posonly_binary_selfone,adj_asis,same_true
1,0.5431034482758621,0.5808870217557255,0.5431034482758621,0.5808870217557255,0.5179045092838196,0.5820091638480495,0.5179045092838196,0.5820091638480495,0.5192307692307692,0.5829371129746154,0.5192307692307692,0.5829371129746154,0.47413793103448276,0.5355799373040752,0.536472148541114,0.5745017133731205,gen_posonly_binary_selfone,adj_asis,same_true
2,0.5364721485411141,0.44605901165112605,0.5364721485411141,0.44605901165112605,0.3415119363395225,0.3813003380571315,0.3415119363395225,0.3813003380571315,0.3057029177718833,0.3685546317457555,0.3057029177718833,0.3685546317457555,0.386604774535809,0.3650279207971516,0.4403183023872679,0.41983795329519397,gen_posonly_binary_selfone,adj_asis,same_true
3,0.43700265251989395,0.44507874571673495,0.43700265251989395,0.44507874571673495,0.5271883289124669,0.5383605555686618,0.5271883289124669,0.5383605555686618,0.5324933687002653,0.5442458554722992,0.5324933687002653,0.5442458554722992,0.5470822281167108,0.5669005673813367,0.5875331564986738,0.5772899819346924,gen_posonly_binary_selfone,adj_asis,same_true
4,0.5998641304347827,0.5206728989809982,0.5998641304347827,0.5206728989809982,0.4368206521739131,0.3713585055929207,0.4368206521739131,0.3713585055929207,0.42866847826086957,0.3680660384141101,0.42866847826086957,0.3680660384141101,0.38111413043478254,0.32328613415569935,0.3960597826086957,0.35577456032698807,gen_posonly_binary_selfone,adj_asis,same_true
0,0.4103641456582633,0.5841989117484353,0.5875331564986738,0.4877238724469643,0.6204481792717086,0.7491170857152467,0.29442970822281167,0.3855632845810626,0.6722689075630252,0.7710848085222187,0.2692307692307693,0.37666880326493324,0.546218487394958,0.7133244206773618,0.34748010610079577,0.396287578743344,gen_posonly_binary_selfone,adj_asis,same_false
1,0.5059681697612732,0.5689857053755367,0.512768817204301,0.5558383747967927,0.5285145888594165,0.5728379019074867,0.48723118279569894,0.5919401788351034,0.5298408488063661,0.5752967280827679,0.4831989247311828,0.5890593637745368,0.49005305039787805,0.5543887147335423,0.36357526881720426,0.5328359067518402,gen_posonly_binary_selfone,adj_asis,same_false
2,0.5576923076923077,0.494483717855732,0.31725543478260876,0.3246118412707988,0.3030503978779841,0.37164443437004185,0.7221467391304347,0.6809543859505487,0.289787798408488,0.3675256146705674,0.7004076086956523,0.6664769151926908,0.36405835543766585,0.2965034965034965,0.6202445652173914,0.6100660936802422,gen_posonly_binary_selfone,adj_asis,same_false
3,0.45689655172413796,0.4274070355933164,0.4636243386243386,0.4814255312092441,0.5099469496021221,0.5355141361332467,0.4358465608465608,0.5757294676019937,0.5072944297082228,0.5323614930764253,0.4398148148148149,0.5746884383133604,0.5258620689655172,0.5559440559440559,0.4808201058201058,0.5826653903821974,gen_posonly_binary_selfone,adj_asis,same_false
4,0.5998641304347827,0.47126402659770866,0.6447010869565217,0.6766150533052856,0.436820652173913,0.372525101765636,0.35801630434782605,0.511912451624558,0.43138586956521735,0.3704869988995526,0.37024456521739124,0.5171870841092234,0.3824728260869565,0.32381314337836076,0.45176630434782605,0.5523377424876103,gen_posonly_binary_selfone,adj_asis,same_false
0,0.40756302521008403,0.575740442727101,0.40756302521008403,0.575740442727101,0.4593837535014006,0.670823627651377,0.4593837535014006,0.670823627651377,0.473389355742297,0.6761829370506813,0.473389355742297,0.6761829370506813,0.5700280112044818,0.7540106951871658,0.5567226890756303,0.7143796322790861,gen_posonly_binary_selfextra,adj_negispos,same_true
1,0.5431034482758621,0.5808870217557255,0.5431034482758621,0.5808870217557255,0.5484084880636605,0.5864000382377396,0.5484084880636605,0.5864000382377396,0.5669761273209549,0.5941278218315482,0.5669761273209549,0.5941278218315482,0.47413793103448276,0.5355799373040752,0.536472148541114,0.5745017133731205,gen_posonly_binary_selfextra,adj_negispos,same_true
2,0.5364721485411141,0.44605901165112605,0.5364721485411141,0.44605901165112605,0.33620689655172414,0.38178300965916206,0.33620689655172414,0.38178300965916206,0.30305039787798405,0.37230581127525153,0.30305039787798405,0.37230581127525153,0.386604774535809,0.3650279207971516,0.4403183023872679,0.41983795329519397,gen_posonly_binary_selfextra,adj_negispos,same_true
3,0.43700265251989395,0.44507874571673495,0.43700265251989395,0.44507874571673495,0.4436339522546419,0.514603320053404,0.4436339522546419,0.514603320053404,0.4741379310344827,0.524306385514226,0.4741379310344827,0.524306385514226,0.5470822281167108,0.5669005673813367,0.5875331564986738,0.5772899819346924,gen_posonly_binary_selfextra,adj_negispos,same_true
4,0.5998641304347827,0.5206728989809982,0.5998641304347827,0.5206728989809982,0.32948369565217395,0.3330892900359539,0.32948369565217395,0.3330892900359539,0.34578804347826086,0.33889218628845585,0.34578804347826086,0.33889218628845585,0.38111413043478254,0.32328613415569935,0.3960597826086957,0.35577456032698807,gen_posonly_binary_selfextra,adj_negispos,same_true
0,0.4103641456582633,0.5841989117484353,0.5875331564986738,0.4877238724469643,0.5378151260504203,0.7000341068768203,0.5358090185676393,0.47998845241885363,0.4803921568627451,0.6723342812889523,0.5238726790450929,0.48143237945743145,0.546218487394958,0.7133244206773618,0.34748010610079577,0.396287578743344,gen_posonly_binary_selfextra,adj_negispos,same_false
1,0.5059681697612732,0.5689857053755367,0.512768817204301,0.5558383747967927,0.4436339522546419,0.5307294472416274,0.49529569892473113,0.5986255287826293,0.4582228116710876,0.5382028533381558,0.4885752688172043,0.5953183708155358,0.49005305039787805,0.5543887147335423,0.36357526881720426,0.5328359067518402,gen_posonly_binary_selfextra,adj_negispos,same_false
2,0.5576923076923077,0.494483717855732,0.31725543478260876,0.3246118412707988,0.4807692307692308,0.43798173497817416,0.5754076086956522,0.5927133215755609,0.49005305039787794,0.44367335542425235,0.5889945652173914,0.5897436958697871,0.36405835543766585,0.2965034965034965,0.6202445652173914,0.6100660936802422,gen_posonly_binary_selfextra,adj_negispos,same_false
3,0.45689655172413796,0.4274070355933164,0.4636243386243386,0.4814255312092441,0.5391246684350133,0.5502685039922586,0.7043650793650793,0.7150096307507692,0.529840848806366,0.5473852087880842,0.6871693121693122,0.7094311741942614,0.5258620689655172,0.5559440559440559,0.4808201058201058,0.5826653903821974,gen_posonly_binary_selfextra,adj_negispos,same_false
4,0.5998641304347827,0.47126402659770866,0.6447010869565217,0.6766150533052856,0.37024456521739135,0.3446626355591602,0.4191576086956522,0.5376639744332055,0.3797554347826087,0.34781733506611423,0.40828804347826086,0.5338715553914958,0.3824728260869565,0.32381314337836076,0.45176630434782605,0.5523377424876103,gen_posonly_binary_selfextra,adj_negispos,same_false
0,0.40756302521008403,0.575740442727101,0.40756302521008403,0.575740442727101,0.5672268907563025,0.7172090309481411,0.5672268907563025,0.7172090309481411,0.5742296918767507,0.7227561884221835,0.5742296918767507,0.7227561884221835,0.5700280112044818,0.7540106951871658,0.5567226890756303,0.7143796322790861,gen_posonly_binary_selfextra,adj_negiszero,same_true
1,0.5431034482758621,0.5808870217557255,0.5431034482758621,0.5808870217557255,0.5391246684350133,0.5897184991178102,0.5391246684350133,0.5897184991178102,0.5557029177718833,0.5975796703866258,0.5557029177718833,0.5975796703866258,0.47413793103448276,0.5355799373040752,0.536472148541114,0.5745017133731205,gen_posonly_binary_selfextra,adj_negiszero,same_true
2,0.5364721485411141,0.44605901165112605,0.5364721485411141,0.44605901165112605,0.3362068965517242,0.37502213011849994,0.3362068965517242,0.37502213011849994,0.28978779840848806,0.3547911537811235,0.28978779840848806,0.3547911537811235,0.386604774535809,0.3650279207971516,0.4403183023872679,0.41983795329519397,gen_posonly_binary_selfextra,adj_negiszero,same_true
3,0.43700265251989395,0.44507874571673495,0.43700265251989395,0.44507874571673495,0.5099469496021221,0.5305840021427066,0.5099469496021221,0.5305840021427066,0.5311671087533156,0.5475412500626838,0.5311671087533156,0.5475412500626838,0.5470822281167108,0.5669005673813367,0.5875331564986738,0.5772899819346924,gen_posonly_binary_selfextra,adj_negiszero,same_true
4,0.5998641304347827,0.5206728989809982,0.5998641304347827,0.5206728989809982,0.4069293478260869,0.35929978129030204,0.4069293478260869,0.35929978129030204,0.4014945652173913,0.35439156275080563,0.4014945652173913,0.35439156275080563,0.38111413043478254,0.32328613415569935,0.3960597826086957,0.35577456032698807,gen_posonly_binary_selfextra,adj_negiszero,same_true
0,0.4103641456582633,0.5841989117484353,0.5875331564986738,0.4877238724469643,0.6414565826330533,0.7817978229959199,0.39389920424403185,0.39996404425137455,0.6148459383753501,0.7624381361621846,0.3607427055702918,0.37659830742409933,0.546218487394958,0.7133244206773618,0.34748010610079577,0.396287578743344,gen_posonly_binary_selfextra,adj_negiszero,same_false
1,0.5059681697612732,0.5689857053755367,0.512768817204301,0.5558383747967927,0.4907161803713528,0.5599858358499149,0.5080645161290323,0.5985732605851128,0.4960212201591512,0.5636436006559181,0.5053763440860215,0.5959590627376531,0.49005305039787805,0.5543887147335423,0.36357526881720426,0.5328359067518402,gen_posonly_binary_selfextra,adj_negiszero,same_false
2,0.5576923076923077,0.494483717855732,0.31725543478260876,0.3246118412707988,0.32161803713527853,0.36260302693456414,0.7105978260869565,0.6800835377805331,0.3322281167108754,0.3714699027643047,0.6929347826086957,0.6667657245580785,0.36405835543766585,0.2965034965034965,0.6202445652173914,0.6100660936802422,gen_posonly_binary_selfextra,adj_negiszero,same_false
3,0.45689655172413796,0.4274070355933164,0.4636243386243386,0.4814255312092441,0.519893899204244,0.5393018300689875,0.4914021164021164,0.5888302970673738,0.5172413793103448,0.5355778266394705,0.4887566137566138,0.5856550132807791,0.5258620689655172,0.5559440559440559,0.4808201058201058,0.5826653903821974,gen_posonly_binary_selfextra,adj_negiszero,same_false
4,0.5998641304347827,0.47126402659770866,0.6447010869565217,0.6766150533052856,0.40964673913043476,0.3616013597959351,0.39877717391304346,0.5242374035274369,0.4014945652173913,0.3579591651261028,0.3967391304347826,0.5240784761814535,0.3824728260869565,0.32381314337836076,0.45176630434782605,0.5523377424876103,gen_posonly_binary_selfextra,adj_negiszero,same_false
0,0.40756302521008403,0.575740442727101,0.40756302521008403,0.575740442727101,0.603641456582633,0.7281733596050348,0.603641456582633,0.7281733596050348,0.6092436974789915,0.7331495404009296,0.6092436974789915,0.7331495404009296,0.5700280112044818,0.7540106951871658,0.5567226890756303,0.7143796322790861,gen_posonly_binary_selfextra,adj_asis,same_true
1,0.5431034482758621,0.5808870217557255,0.5431034482758621,0.5808870217557255,0.5179045092838196,0.5820091638480495,0.5179045092838196,0.5820091638480495,0.5192307692307692,0.5829371129746154,0.5192307692307692,0.5829371129746154,0.47413793103448276,0.5355799373040752,0.536472148541114,0.5745017133731205,gen_posonly_binary_selfextra,adj_asis,same_true
2,0.5364721485411141,0.44605901165112605,0.5364721485411141,0.44605901165112605,0.3415119363395225,0.3813003380571315,0.3415119363395225,0.3813003380571315,0.3057029177718833,0.3685546317457555,0.3057029177718833,0.3685546317457555,0.386604774535809,0.3650279207971516,0.4403183023872679,0.41983795329519397,gen_posonly_binary_selfextra,adj_asis,same_true
3,0.43700265251989395,0.44507874571673495,0.43700265251989395,0.44507874571673495,0.5271883289124669,0.5383605555686618,0.5271883289124669,0.5383605555686618,0.5324933687002653,0.5442458554722992,0.5324933687002653,0.5442458554722992,0.5470822281167108,0.5669005673813367,0.5875331564986738,0.5772899819346924,gen_posonly_binary_selfextra,adj_asis,same_true
4,0.5998641304347827,0.5206728989809982,0.5998641304347827,0.5206728989809982,0.4368206521739131,0.3713585055929207,0.4368206521739131,0.3713585055929207,0.42866847826086957,0.3680660384141101,0.42866847826086957,0.3680660384141101,0.38111413043478254,0.32328613415569935,0.3960597826086957,0.35577456032698807,gen_posonly_binary_selfextra,adj_asis,same_true
0,0.4103641456582633,0.5841989117484353,0.5875331564986738,0.4877238724469643,0.6204481792717086,0.7491170857152467,0.29442970822281167,0.3855632845810626,0.6722689075630252,0.7710848085222187,0.2692307692307693,0.37666880326493324,0.546218487394958,0.7133244206773618,0.34748010610079577,0.396287578743344,gen_posonly_binary_selfextra,adj_asis,same_false
1,0.5059681697612732,0.5689857053755367,0.512768817204301,0.5558383747967927,0.5285145888594165,0.5728379019074867,0.48723118279569894,0.5919401788351034,0.5298408488063661,0.5752967280827679,0.4831989247311828,0.5890593637745368,0.49005305039787805,0.5543887147335423,0.36357526881720426,0.5328359067518402,gen_posonly_binary_selfextra,adj_asis,same_false
2,0.5576923076923077,0.494483717855732,0.31725543478260876,0.3246118412707988,0.3030503978779841,0.37164443437004185,0.7221467391304347,0.6809543859505487,0.289787798408488,0.3675256146705674,0.7004076086956523,0.6664769151926908,0.36405835543766585,0.2965034965034965,0.6202445652173914,0.6100660936802422,gen_posonly_binary_selfextra,adj_asis,same_false
3,0.45689655172413796,0.4274070355933164,0.4636243386243386,0.4814255312092441,0.5099469496021221,0.5355141361332467,0.4358465608465608,0.5757294676019937,0.5072944297082228,0.5323614930764253,0.4398148148148149,0.5746884383133604,0.5258620689655172,0.5559440559440559,0.4808201058201058,0.5826653903821974,gen_posonly_binary_selfextra,adj_asis,same_false
4,0.5998641304347827,0.47126402659770866,0.6447010869565217,0.6766150533052856,0.436820652173913,0.372525101765636,0.35801630434782605,0.511912451624558,0.43138586956521735,0.3704869988995526,0.37024456521739124,0.5171870841092234,0.3824728260869565,0.32381314337836076,0.45176630434782605,0.5523377424876103,gen_posonly_binary_selfextra,adj_asis,same_false
0,0.38285024154589375,0.780474154408767,0.38285024154589375,0.780474154408767,0.4842995169082126,0.854002398573547,0.4842995169082126,0.854002398573547,0.48188405797101447,0.8593023774087374,0.48188405797101447,0.8593023774087374,0.5422705314009661,0.8841897233201581,0.5301932367149759,0.8603696140867654,gen_posonly_dense_any,adj_negispos,same_true
1,0.5375000000000001,0.7588054469893194,0.5375000000000001,0.7588054469893194,0.4908333333333333,0.7566920834847022,0.4908333333333333,0.7566920834847022,0.4341666666666666,0.736219040604448,0.4341666666666666,0.736219040604448,0.48750000000000004,0.7375,0.4425,0.7266723861348189,gen_posonly_dense_any,adj_negispos,same_true
2,0.5244444444444444,0.836792110563545,0.5244444444444444,0.836792110563545,0.5244444444444445,0.8260555884109496,0.5244444444444445,0.8260555884109496,0.5066666666666666,0.822244663834999,0.5066666666666666,0.822244663834999,0.48888888888888893,0.8252525252525252,0.51,0.8435044144693536,gen_posonly_dense_any,adj_negispos,same_true
3,0.5699404761904763,0.8975820281229538,0.5699404761904763,0.8975820281229538,0.49851190476190477,0.888370764054121,0.49851190476190477,0.888370764054121,0.40625,0.8755760228018838,0.40625,0.8755760228018838,0.5223214285714286,0.8982954545454546,0.5565476190476191,0.8981910306257122,gen_posonly_dense_any,adj_negispos,same_true
4,0.563953488372093,0.8570943495197147,0.563953488372093,0.8570943495197147,0.4263565891472868,0.7777162349858266,0.4263565891472868,0.7777162349858266,0.4476744186046512,0.7904405003030528,0.4476744186046512,0.7904405003030528,0.5096899224806202,0.8112050739957717,0.39728682170542634,0.7717638429442568,gen_posonly_dense_any,adj_negispos,same_true
0,0.36835748792270534,0.7780501535393407,0.59375,0.8187552934891775,0.3828502415458937,0.827430458911389,0.5857371794871795,0.7757766812044475,0.46014492753623193,0.8430771272640843,0.577724358974359,0.7672728226567574,0.5422705314009661,0.8841897233201581,0.4495192307692307,0.7132287207553739,gen_posonly_dense_any,adj_negispos,same_false
1,0.5508333333333333,0.7646016510758494,0.5144444444444445,0.7944712143746975,0.5341666666666667,0.7674451114089051,0.49444444444444446,0.8462212365745858,0.49083333333333334,0.7442311563388702,0.5322222222222222,0.8528741325383702,0.48750000000000004,0.7375,0.5711111111111111,0.8668240521901407,gen_posonly_dense_any,adj_negispos,same_false
2,0.54,0.8398969163513771,0.5288888888888889,0.826292434711958,0.4488888888888889,0.8082050618072021,0.5666666666666667,0.8502604104875257,0.3933333333333333,0.799565947721693,0.47111111111111104,0.8297930405037618,0.48888888888888893,0.8252525252525252,0.46444444444444444,0.8239747283074818,gen_posonly_dense_any,adj_negispos,same_false
3,0.5580357142857142,0.8924071690354735,0.44834710743801653,0.7788901973116006,0.40922619047619047,0.876563646546198,0.5268595041322315,0.8388523165379358,0.4032738095238096,0.8746272214985797,0.694214876033058,0.8797066517790888,0.5223214285714286,0.8982954545454546,0.53099173553719,0.8267244847856454,gen_posonly_dense_any,adj_negispos,same_false
4,0.5503875968992248,0.8419471778995137,0.5591787439613527,0.8699948144891728,0.4166666666666667,0.7748036713235538,0.2741545893719807,0.7805420936069138,0.4011627906976744,0.7717101561520181,0.27898550724637683,0.7811619572603705,0.5096899224806202,0.8112050739957717,0.31884057971014496,0.787239184333862,gen_posonly_dense_any,adj_negispos,same_false
0,0.38285024154589375,0.780474154408767,0.38285024154589375,0.780474154408767,0.5555555555555556,0.8812786424998701,0.5555555555555556,0.8812786424998701,0.5301932367149759,0.8647776077528495,0.5301932367149759,0.8647776077528495,0.5422705314009661,0.8841897233201581,0.5301932367149759,0.8603696140867654,gen_posonly_dense_any,adj_negiszero,same_true
1,0.5375000000000001,0.7588054469893194,0.5375000000000001,0.7588054469893194,0.47916666666666663,0.7379571993845686,0.47916666666666663,0.7379571993845686,0.4525,0.7215426216929786,0.4525,0.7215426216929786,0.48750000000000004,0.7375,0.4425,0.7266723861348189,gen_posonly_dense_any,adj_negiszero,same_true
2,0.5244444444444444,0.836792110563545,0.5244444444444444,0.836792110563545,0.5577777777777777,0.8550008622395774,0.5577777777777777,0.8550008622395774,0.5622222222222222,0.8567588667149731,0.5622222222222222,0.8567588667149731,0.48888888888888893,0.8252525252525252,0.51,0.8435044144693536,gen_posonly_dense_any,adj_negiszero,same_true
3,0.5699404761904763,0.8975820281229538,0.5699404761904763,0.8975820281229538,0.5044642857142857,0.8872924818237318,0.5044642857142857,0.8872924818237318,0.5044642857142857,0.8857811565283233,0.5044642857142857,0.8857811565283233,0.5223214285714286,0.8982954545454546,0.5565476190476191,0.8981910306257122,gen_posonly_dense_any,adj_negiszero,same_true
4,0.563953488372093,0.8570943495197147,0.563953488372093,0.8570943495197147,0.5562015503875969,0.8193511498001855,0.5562015503875969,0.8193511498001855,0.5523255813953488,0.818870649427945,0.5523255813953488,0.818870649427945,0.5096899224806202,0.8112050739957717,0.39728682170542634,0.7717638429442568,gen_posonly_dense_any,adj_negiszero,same_true
0,0.36835748792270534,0.7780501535393407,0.59375,0.8187552934891775,0.5640096618357487,0.883980856455281,0.5136217948717948,0.7449574558171843,0.5253623188405797,0.8676056442549837,0.5344551282051282,0.7536375969426371,0.5422705314009661,0.8841897233201581,0.4495192307692307,0.7132287207553739,gen_posonly_dense_any,adj_negiszero,same_false
1,0.5508333333333333,0.7646016510758494,0.5144444444444445,0.7944712143746975,0.455,0.7276092584120162,0.5366666666666666,0.8563440221811693,0.47583333333333333,0.7325814040590364,0.6255555555555555,0.8838745706553035,0.48750000000000004,0.7375,0.5711111111111111,0.8668240521901407,gen_posonly_dense_any,adj_negiszero,same_false
2,0.54,0.8398969163513771,0.5288888888888889,0.826292434711958,0.5533333333333333,0.8536363972735799,0.4755555555555555,0.826957206745969,0.5511111111111111,0.8528962896445833,0.4666666666666666,0.8230078523574681,0.48888888888888893,0.8252525252525252,0.46444444444444444,0.8239747283074818,gen_posonly_dense_any,adj_negiszero,same_false
3,0.5580357142857142,0.8924071690354735,0.44834710743801653,0.7788901973116006,0.5163690476190476,0.889165043712762,0.5289256198347108,0.8309573459226347,0.5431547619047619,0.8920009975046647,0.5692148760330579,0.8454237139998253,0.5223214285714286,0.8982954545454546,0.53099173553719,0.8267244847856454,gen_posonly_dense_any,adj_negiszero,same_false
4,0.5503875968992248,0.8419471778995137,0.5591787439613527,0.8699948144891728,0.5571705426356589,0.8183492423147336,0.44565217391304346,0.8205166188762,0.5465116279069768,0.8148130926449599,0.46256038647342995,0.8252875600391929,0.5096899224806202,0.8112050739957717,0.31884057971014496,0.787239184333862,gen_posonly_dense_any,adj_negiszero,same_false
0,0.38285024154589375,0.780474154408767,0.38285024154589375,0.780474154408767,0.6123188405797102,0.8871181929766333,0.6123188405797102,0.8871181929766333,0.5277777777777778,0.8639561265152234,0.5277777777777778,0.8639561265152234,0.5422705314009661,0.8841897233201581,0.5301932367149759,0.8603696140867654,gen_posonly_dense_any,adj_asis,same_true
1,0.5375000000000001,0.7588054469893194,0.5375000000000001,0.7588054469893194,0.44749999999999995,0.7302128075530883,0.44749999999999995,0.7302128075530883,0.4291666666666667,0.7161174569310891,0.4291666666666667,0.7161174569310891,0.48750000000000004,0.7375,0.4425,0.7266723861348189,gen_posonly_dense_any,adj_asis,same_true
2,0.5244444444444444,0.836792110563545,0.5244444444444444,0.836792110563545,0.5822222222222222,0.8581100201220062,0.5822222222222222,0.8581100201220062,0.6022222222222222,0.8633005541731327,0.6022222222222222,0.8633005541731327,0.48888888888888893,0.8252525252525252,0.51,0.8435044144693536,gen_posonly_dense_any,adj_asis,same_true
3,0.5699404761904763,0.8975820281229538,0.5699404761904763,0.8975820281229538,0.5461309523809523,0.8934747264856078,0.5461309523809523,0.8934747264856078,0.5372023809523809,0.891163711109443,0.5372023809523809,0.891163711109443,0.5223214285714286,0.8982954545454546,0.5565476190476191,0.8981910306257122,gen_posonly_dense_any,adj_asis,same_true
4,0.563953488372093,0.8570943495197147,0.563953488372093,0.8570943495197147,0.563953488372093,0.8206019339363186,0.563953488372093,0.8206019339363186,0.5484496124031008,0.8173124130280138,0.5484496124031008,0.8173124130280138,0.5096899224806202,0.8112050739957717,0.39728682170542634,0.7717638429442568,gen_posonly_dense_any,adj_asis,same_true
0,0.36835748792270534,0.7780501535393407,0.59375,0.8187552934891775,0.6944444444444444,0.9075782464456392,0.4511217948717948,0.7278552878078424,0.5978260869565217,0.8811628453922132,0.5040064102564102,0.7448149207104943,0.5422705314009661,0.8841897233201581,0.4495192307692307,0.7132287207553739,gen_posonly_dense_any,adj_asis,same_false
1,0.5508333333333333,0.7646016510758494,0.5144444444444445,0.7944712143746975,0.4408333333333334,0.7283259905857242,0.5633333333333332,0.8599943317667456,0.4625,0.728911801695173,0.6144444444444446,0.879728819469161,0.48750000000000004,0.7375,0.5711111111111111,0.8668240521901407,gen_posonly_dense_any,adj_asis,same_false
2,0.54,0.8398969163513771,0.5288888888888889,0.826292434711958,0.6222222222222222,0.8659755146528223,0.45999999999999996,0.8244286857617086,0.6133333333333334,0.8648945258166414,0.47333333333333333,0.8258944213740588,0.48888888888888893,0.8252525252525252,0.46444444444444444,0.8239747283074818,gen_posonly_dense_any,adj_asis,same_false
3,0.5580357142857142,0.8924071690354735,0.44834710743801653,0.7788901973116006,0.5491071428571428,0.8943856469932728,0.4834710743801653,0.822293424122698,0.5431547619047619,0.8914608706722174,0.5061983471074379,0.8323351256084464,0.5223214285714286,0.8982954545454546,0.53099173553719,0.8267244847856454,gen_posonly_dense_any,adj_asis,same_false
4,0.5503875968992248,0.8419471778995137,0.5591787439613527,0.8699948144891728,0.5542635658914729,0.8158100229943641,0.49154589371980684,0.8289800369527656,0.5697674418604651,0.8191153210431108,0.4939613526570048,0.8308405370976797,0.5096899224806202,0.8112050739957717,0.31884057971014496,0.787239184333862,gen_posonly_dense_any,adj_asis,same_false
0,0.38285024154589375,0.780474154408767,0.38285024154589375,0.780474154408767,0.4842995169082126,0.854002398573547,0.4842995169082126,0.854002398573547,0.48188405797101447,0.8593023774087374,0.48188405797101447,0.8593023774087374,0.5422705314009661,0.8841897233201581,0.5301932367149759,0.8603696140867654,gen_posonly_dense_selfzero,adj_negispos,same_true
1,0.5375000000000001,0.7588054469893194,0.5375000000000001,0.7588054469893194,0.4908333333333333,0.7566920834847022,0.4908333333333333,0.7566920834847022,0.4341666666666666,0.736219040604448,0.4341666666666666,0.736219040604448,0.48750000000000004,0.7375,0.4425,0.7266723861348189,gen_posonly_dense_selfzero,adj_negispos,same_true
2,0.5244444444444444,0.836792110563545,0.5244444444444444,0.836792110563545,0.5244444444444445,0.8260555884109496,0.5244444444444445,0.8260555884109496,0.5066666666666666,0.822244663834999,0.5066666666666666,0.822244663834999,0.48888888888888893,0.8252525252525252,0.51,0.8435044144693536,gen_posonly_dense_selfzero,adj_negispos,same_true
3,0.5699404761904763,0.8975820281229538,0.5699404761904763,0.8975820281229538,0.49851190476190477,0.888370764054121,0.49851190476190477,0.888370764054121,0.40625,0.8755760228018838,0.40625,0.8755760228018838,0.5223214285714286,0.8982954545454546,0.5565476190476191,0.8981910306257122,gen_posonly_dense_selfzero,adj_negispos,same_true
4,0.563953488372093,0.8570943495197147,0.563953488372093,0.8570943495197147,0.4263565891472868,0.7777162349858266,0.4263565891472868,0.7777162349858266,0.4476744186046512,0.7904405003030528,0.4476744186046512,0.7904405003030528,0.5096899224806202,0.8112050739957717,0.39728682170542634,0.7717638429442568,gen_posonly_dense_selfzero,adj_negispos,same_true
0,0.36835748792270534,0.7780501535393407,0.59375,0.8187552934891775,0.3828502415458937,0.827430458911389,0.5857371794871795,0.7757766812044475,0.46014492753623193,0.8430771272640843,0.577724358974359,0.7672728226567574,0.5422705314009661,0.8841897233201581,0.4495192307692307,0.7132287207553739,gen_posonly_dense_selfzero,adj_negispos,same_false
1,0.5508333333333333,0.7646016510758494,0.5144444444444445,0.7944712143746975,0.5341666666666667,0.7674451114089051,0.49444444444444446,0.8462212365745858,0.49083333333333334,0.7442311563388702,0.5322222222222222,0.8528741325383702,0.48750000000000004,0.7375,0.5711111111111111,0.8668240521901407,gen_posonly_dense_selfzero,adj_negispos,same_false
2,0.54,0.8398969163513771,0.5288888888888889,0.826292434711958,0.4488888888888889,0.8082050618072021,0.5666666666666667,0.8502604104875257,0.3933333333333333,0.799565947721693,0.47111111111111104,0.8297930405037618,0.48888888888888893,0.8252525252525252,0.46444444444444444,0.8239747283074818,gen_posonly_dense_selfzero,adj_negispos,same_false
3,0.5580357142857142,0.8924071690354735,0.44834710743801653,0.7788901973116006,0.40922619047619047,0.876563646546198,0.5268595041322315,0.8388523165379358,0.4032738095238096,0.8746272214985797,0.694214876033058,0.8797066517790888,0.5223214285714286,0.8982954545454546,0.53099173553719,0.8267244847856454,gen_posonly_dense_selfzero,adj_negispos,same_false
4,0.5503875968992248,0.8419471778995137,0.5591787439613527,0.8699948144891728,0.4166666666666667,0.7748036713235538,0.2741545893719807,0.7805420936069138,0.4011627906976744,0.7717101561520181,0.27898550724637683,0.7811619572603705,0.5096899224806202,0.8112050739957717,0.31884057971014496,0.787239184333862,gen_posonly_dense_selfzero,adj_negispos,same_false
0,0.38285024154589375,0.780474154408767,0.38285024154589375,0.780474154408767,0.5555555555555556,0.8812786424998701,0.5555555555555556,0.8812786424998701,0.5301932367149759,0.8647776077528495,0.5301932367149759,0.8647776077528495,0.5422705314009661,0.8841897233201581,0.5301932367149759,0.8603696140867654,gen_posonly_dense_selfzero,adj_negiszero,same_true
1,0.5375000000000001,0.7588054469893194,0.5375000000000001,0.7588054469893194,0.47916666666666663,0.7379571993845686,0.47916666666666663,0.7379571993845686,0.4525,0.7215426216929786,0.4525,0.7215426216929786,0.48750000000000004,0.7375,0.4425,0.7266723861348189,gen_posonly_dense_selfzero,adj_negiszero,same_true
2,0.5244444444444444,0.836792110563545,0.5244444444444444,0.836792110563545,0.5577777777777777,0.8550008622395774,0.5577777777777777,0.8550008622395774,0.5622222222222222,0.8567588667149731,0.5622222222222222,0.8567588667149731,0.48888888888888893,0.8252525252525252,0.51,0.8435044144693536,gen_posonly_dense_selfzero,adj_negiszero,same_true
3,0.5699404761904763,0.8975820281229538,0.5699404761904763,0.8975820281229538,0.5044642857142857,0.8872924818237318,0.5044642857142857,0.8872924818237318,0.5044642857142857,0.8857811565283233,0.5044642857142857,0.8857811565283233,0.5223214285714286,0.8982954545454546,0.5565476190476191,0.8981910306257122,gen_posonly_dense_selfzero,adj_negiszero,same_true
4,0.563953488372093,0.8570943495197147,0.563953488372093,0.8570943495197147,0.5562015503875969,0.8193511498001855,0.5562015503875969,0.8193511498001855,0.5523255813953488,0.818870649427945,0.5523255813953488,0.818870649427945,0.5096899224806202,0.8112050739957717,0.39728682170542634,0.7717638429442568,gen_posonly_dense_selfzero,adj_negiszero,same_true
0,0.36835748792270534,0.7780501535393407,0.59375,0.8187552934891775,0.5640096618357487,0.883980856455281,0.5136217948717948,0.7449574558171843,0.5253623188405797,0.8676056442549837,0.5344551282051282,0.7536375969426371,0.5422705314009661,0.8841897233201581,0.4495192307692307,0.7132287207553739,gen_posonly_dense_selfzero,adj_negiszero,same_false
1,0.5508333333333333,0.7646016510758494,0.5144444444444445,0.7944712143746975,0.455,0.7276092584120162,0.5366666666666666,0.8563440221811693,0.47583333333333333,0.7325814040590364,0.6255555555555555,0.8838745706553035,0.48750000000000004,0.7375,0.5711111111111111,0.8668240521901407,gen_posonly_dense_selfzero,adj_negiszero,same_false
2,0.54,0.8398969163513771,0.5288888888888889,0.826292434711958,0.5533333333333333,0.8536363972735799,0.4755555555555555,0.826957206745969,0.5511111111111111,0.8528962896445833,0.4666666666666666,0.8230078523574681,0.48888888888888893,0.8252525252525252,0.46444444444444444,0.8239747283074818,gen_posonly_dense_selfzero,adj_negiszero,same_false
3,0.5580357142857142,0.8924071690354735,0.44834710743801653,0.7788901973116006,0.5163690476190476,0.889165043712762,0.5289256198347108,0.8309573459226347,0.5431547619047619,0.8920009975046647,0.5692148760330579,0.8454237139998253,0.5223214285714286,0.8982954545454546,0.53099173553719,0.8267244847856454,gen_posonly_dense_selfzero,adj_negiszero,same_false
4,0.5503875968992248,0.8419471778995137,0.5591787439613527,0.8699948144891728,0.5571705426356589,0.8183492423147336,0.44565217391304346,0.8205166188762,0.5465116279069768,0.8148130926449599,0.46256038647342995,0.8252875600391929,0.5096899224806202,0.8112050739957717,0.31884057971014496,0.787239184333862,gen_posonly_dense_selfzero,adj_negiszero,same_false
0,0.38285024154589375,0.780474154408767,0.38285024154589375,0.780474154408767,0.6123188405797102,0.8871181929766333,0.6123188405797102,0.8871181929766333,0.5277777777777778,0.8639561265152234,0.5277777777777778,0.8639561265152234,0.5422705314009661,0.8841897233201581,0.5301932367149759,0.8603696140867654,gen_posonly_dense_selfzero,adj_asis,same_true
1,0.5375000000000001,0.7588054469893194,0.5375000000000001,0.7588054469893194,0.44749999999999995,0.7302128075530883,0.44749999999999995,0.7302128075530883,0.4291666666666667,0.7161174569310891,0.4291666666666667,0.7161174569310891,0.48750000000000004,0.7375,0.4425,0.7266723861348189,gen_posonly_dense_selfzero,adj_asis,same_true
2,0.5244444444444444,0.836792110563545,0.5244444444444444,0.836792110563545,0.5822222222222222,0.8581100201220062,0.5822222222222222,0.8581100201220062,0.6022222222222222,0.8633005541731327,0.6022222222222222,0.8633005541731327,0.48888888888888893,0.8252525252525252,0.51,0.8435044144693536,gen_posonly_dense_selfzero,adj_asis,same_true
3,0.5699404761904763,0.8975820281229538,0.5699404761904763,0.8975820281229538,0.5461309523809523,0.8934747264856078,0.5461309523809523,0.8934747264856078,0.5372023809523809,0.891163711109443,0.5372023809523809,0.891163711109443,0.5223214285714286,0.8982954545454546,0.5565476190476191,0.8981910306257122,gen_posonly_dense_selfzero,adj_asis,same_true
4,0.563953488372093,0.8570943495197147,0.563953488372093,0.8570943495197147,0.563953488372093,0.8206019339363186,0.563953488372093,0.8206019339363186,0.5484496124031008,0.8173124130280138,0.5484496124031008,0.8173124130280138,0.5096899224806202,0.8112050739957717,0.39728682170542634,0.7717638429442568,gen_posonly_dense_selfzero,adj_asis,same_true
0,0.36835748792270534,0.7780501535393407,0.59375,0.8187552934891775,0.6944444444444444,0.9075782464456392,0.4511217948717948,0.7278552878078424,0.5978260869565217,0.8811628453922132,0.5040064102564102,0.7448149207104943,0.5422705314009661,0.8841897233201581,0.4495192307692307,0.7132287207553739,gen_posonly_dense_selfzero,adj_asis,same_false
1,0.5508333333333333,0.7646016510758494,0.5144444444444445,0.7944712143746975,0.4408333333333334,0.7283259905857242,0.5633333333333332,0.8599943317667456,0.4625,0.728911801695173,0.6144444444444446,0.879728819469161,0.48750000000000004,0.7375,0.5711111111111111,0.8668240521901407,gen_posonly_dense_selfzero,adj_asis,same_false
2,0.54,0.8398969163513771,0.5288888888888889,0.826292434711958,0.6222222222222222,0.8659755146528223,0.45999999999999996,0.8244286857617086,0.6133333333333334,0.8648945258166414,0.47333333333333333,0.8258944213740588,0.48888888888888893,0.8252525252525252,0.46444444444444444,0.8239747283074818,gen_posonly_dense_selfzero,adj_asis,same_false
3,0.5580357142857142,0.8924071690354735,0.44834710743801653,0.7788901973116006,0.5491071428571428,0.8943856469932728,0.4834710743801653,0.822293424122698,0.5431547619047619,0.8914608706722174,0.5061983471074379,0.8323351256084464,0.5223214285714286,0.8982954545454546,0.53099173553719,0.8267244847856454,gen_posonly_dense_selfzero,adj_asis,same_false
4,0.5503875968992248,0.8419471778995137,0.5591787439613527,0.8699948144891728,0.5542635658914729,0.8158100229943641,0.49154589371980684,0.8289800369527656,0.5697674418604651,0.8191153210431108,0.4939613526570048,0.8308405370976797,0.5096899224806202,0.8112050739957717,0.31884057971014496,0.787239184333862,gen_posonly_dense_selfzero,adj_asis,same_false
0,0.38285024154589375,0.780474154408767,0.38285024154589375,0.780474154408767,0.4842995169082126,0.854002398573547,0.4842995169082126,0.854002398573547,0.48188405797101447,0.8593023774087374,0.48188405797101447,0.8593023774087374,0.5422705314009661,0.8841897233201581,0.5301932367149759,0.8603696140867654,gen_posonly_dense_selfone,adj_negispos,same_true
1,0.5375000000000001,0.7588054469893194,0.5375000000000001,0.7588054469893194,0.4908333333333333,0.7566920834847022,0.4908333333333333,0.7566920834847022,0.4341666666666666,0.736219040604448,0.4341666666666666,0.736219040604448,0.48750000000000004,0.7375,0.4425,0.7266723861348189,gen_posonly_dense_selfone,adj_negispos,same_true
2,0.5244444444444444,0.836792110563545,0.5244444444444444,0.836792110563545,0.5244444444444445,0.8260555884109496,0.5244444444444445,0.8260555884109496,0.5066666666666666,0.822244663834999,0.5066666666666666,0.822244663834999,0.48888888888888893,0.8252525252525252,0.51,0.8435044144693536,gen_posonly_dense_selfone,adj_negispos,same_true
3,0.5699404761904763,0.8975820281229538,0.5699404761904763,0.8975820281229538,0.49851190476190477,0.888370764054121,0.49851190476190477,0.888370764054121,0.40625,0.8755760228018838,0.40625,0.8755760228018838,0.5223214285714286,0.8982954545454546,0.5565476190476191,0.8981910306257122,gen_posonly_dense_selfone,adj_negispos,same_true
4,0.563953488372093,0.8570943495197147,0.563953488372093,0.8570943495197147,0.4263565891472868,0.7777162349858266,0.4263565891472868,0.7777162349858266,0.4476744186046512,0.7904405003030528,0.4476744186046512,0.7904405003030528,0.5096899224806202,0.8112050739957717,0.39728682170542634,0.7717638429442568,gen_posonly_dense_selfone,adj_negispos,same_true
0,0.36835748792270534,0.7780501535393407,0.59375,0.8187552934891775,0.3828502415458937,0.827430458911389,0.5857371794871795,0.7757766812044475,0.46014492753623193,0.8430771272640843,0.577724358974359,0.7672728226567574,0.5422705314009661,0.8841897233201581,0.4495192307692307,0.7132287207553739,gen_posonly_dense_selfone,adj_negispos,same_false
1,0.5508333333333333,0.7646016510758494,0.5144444444444445,0.7944712143746975,0.5341666666666667,0.7674451114089051,0.49444444444444446,0.8462212365745858,0.49083333333333334,0.7442311563388702,0.5322222222222222,0.8528741325383702,0.48750000000000004,0.7375,0.5711111111111111,0.8668240521901407,gen_posonly_dense_selfone,adj_negispos,same_false
2,0.54,0.8398969163513771,0.5288888888888889,0.826292434711958,0.4488888888888889,0.8082050618072021,0.5666666666666667,0.8502604104875257,0.3933333333333333,0.799565947721693,0.47111111111111104,0.8297930405037618,0.48888888888888893,0.8252525252525252,0.46444444444444444,0.8239747283074818,gen_posonly_dense_selfone,adj_negispos,same_false
3,0.5580357142857142,0.8924071690354735,0.44834710743801653,0.7788901973116006,0.40922619047619047,0.876563646546198,0.5268595041322315,0.8388523165379358,0.4032738095238096,0.8746272214985797,0.694214876033058,0.8797066517790888,0.5223214285714286,0.8982954545454546,0.53099173553719,0.8267244847856454,gen_posonly_dense_selfone,adj_negispos,same_false
4,0.5503875968992248,0.8419471778995137,0.5591787439613527,0.8699948144891728,0.4166666666666667,0.7748036713235538,0.2741545893719807,0.7805420936069138,0.4011627906976744,0.7717101561520181,0.27898550724637683,0.7811619572603705,0.5096899224806202,0.8112050739957717,0.31884057971014496,0.787239184333862,gen_posonly_dense_selfone,adj_negispos,same_false
0,0.38285024154589375,0.780474154408767,0.38285024154589375,0.780474154408767,0.5555555555555556,0.8812786424998701,0.5555555555555556,0.8812786424998701,0.5301932367149759,0.8647776077528495,0.5301932367149759,0.8647776077528495,0.5422705314009661,0.8841897233201581,0.5301932367149759,0.8603696140867654,gen_posonly_dense_selfone,adj_negiszero,same_true
1,0.5375000000000001,0.7588054469893194,0.5375000000000001,0.7588054469893194,0.47916666666666663,0.7379571993845686,0.47916666666666663,0.7379571993845686,0.4525,0.7215426216929786,0.4525,0.7215426216929786,0.48750000000000004,0.7375,0.4425,0.7266723861348189,gen_posonly_dense_selfone,adj_negiszero,same_true
2,0.5244444444444444,0.836792110563545,0.5244444444444444,0.836792110563545,0.5577777777777777,0.8550008622395774,0.5577777777777777,0.8550008622395774,0.5622222222222222,0.8567588667149731,0.5622222222222222,0.8567588667149731,0.48888888888888893,0.8252525252525252,0.51,0.8435044144693536,gen_posonly_dense_selfone,adj_negiszero,same_true
3,0.5699404761904763,0.8975820281229538,0.5699404761904763,0.8975820281229538,0.5044642857142857,0.8872924818237318,0.5044642857142857,0.8872924818237318,0.5044642857142857,0.8857811565283233,0.5044642857142857,0.8857811565283233,0.5223214285714286,0.8982954545454546,0.5565476190476191,0.8981910306257122,gen_posonly_dense_selfone,adj_negiszero,same_true
4,0.563953488372093,0.8570943495197147,0.563953488372093,0.8570943495197147,0.5562015503875969,0.8193511498001855,0.5562015503875969,0.8193511498001855,0.5523255813953488,0.818870649427945,0.5523255813953488,0.818870649427945,0.5096899224806202,0.8112050739957717,0.39728682170542634,0.7717638429442568,gen_posonly_dense_selfone,adj_negiszero,same_true
0,0.36835748792270534,0.7780501535393407,0.59375,0.8187552934891775,0.5640096618357487,0.883980856455281,0.5136217948717948,0.7449574558171843,0.5253623188405797,0.8676056442549837,0.5344551282051282,0.7536375969426371,0.5422705314009661,0.8841897233201581,0.4495192307692307,0.7132287207553739,gen_posonly_dense_selfone,adj_negiszero,same_false
1,0.5508333333333333,0.7646016510758494,0.5144444444444445,0.7944712143746975,0.455,0.7276092584120162,0.5366666666666666,0.8563440221811693,0.47583333333333333,0.7325814040590364,0.6255555555555555,0.8838745706553035,0.48750000000000004,0.7375,0.5711111111111111,0.8668240521901407,gen_posonly_dense_selfone,adj_negiszero,same_false
2,0.54,0.8398969163513771,0.5288888888888889,0.826292434711958,0.5533333333333333,0.8536363972735799,0.4755555555555555,0.826957206745969,0.5511111111111111,0.8528962896445833,0.4666666666666666,0.8230078523574681,0.48888888888888893,0.8252525252525252,0.46444444444444444,0.8239747283074818,gen_posonly_dense_selfone,adj_negiszero,same_false
3,0.5580357142857142,0.8924071690354735,0.44834710743801653,0.7788901973116006,0.5163690476190476,0.889165043712762,0.5289256198347108,0.8309573459226347,0.5431547619047619,0.8920009975046647,0.5692148760330579,0.8454237139998253,0.5223214285714286,0.8982954545454546,0.53099173553719,0.8267244847856454,gen_posonly_dense_selfone,adj_negiszero,same_false
4,0.5503875968992248,0.8419471778995137,0.5591787439613527,0.8699948144891728,0.5571705426356589,0.8183492423147336,0.44565217391304346,0.8205166188762,0.5465116279069768,0.8148130926449599,0.46256038647342995,0.8252875600391929,0.5096899224806202,0.8112050739957717,0.31884057971014496,0.787239184333862,gen_posonly_dense_selfone,adj_negiszero,same_false
0,0.38285024154589375,0.780474154408767,0.38285024154589375,0.780474154408767,0.6123188405797102,0.8871181929766333,0.6123188405797102,0.8871181929766333,0.5277777777777778,0.8639561265152234,0.5277777777777778,0.8639561265152234,0.5422705314009661,0.8841897233201581,0.5301932367149759,0.8603696140867654,gen_posonly_dense_selfone,adj_asis,same_true
1,0.5375000000000001,0.7588054469893194,0.5375000000000001,0.7588054469893194,0.44749999999999995,0.7302128075530883,0.44749999999999995,0.7302128075530883,0.4291666666666667,0.7161174569310891,0.4291666666666667,0.7161174569310891,0.48750000000000004,0.7375,0.4425,0.7266723861348189,gen_posonly_dense_selfone,adj_asis,same_true
2,0.5244444444444444,0.836792110563545,0.5244444444444444,0.836792110563545,0.5822222222222222,0.8581100201220062,0.5822222222222222,0.8581100201220062,0.6022222222222222,0.8633005541731327,0.6022222222222222,0.8633005541731327,0.48888888888888893,0.8252525252525252,0.51,0.8435044144693536,gen_posonly_dense_selfone,adj_asis,same_true
3,0.5699404761904763,0.8975820281229538,0.5699404761904763,0.8975820281229538,0.5461309523809523,0.8934747264856078,0.5461309523809523,0.8934747264856078,0.5372023809523809,0.891163711109443,0.5372023809523809,0.891163711109443,0.5223214285714286,0.8982954545454546,0.5565476190476191,0.8981910306257122,gen_posonly_dense_selfone,adj_asis,same_true
4,0.563953488372093,0.8570943495197147,0.563953488372093,0.8570943495197147,0.563953488372093,0.8206019339363186,0.563953488372093,0.8206019339363186,0.5484496124031008,0.8173124130280138,0.5484496124031008,0.8173124130280138,0.5096899224806202,0.8112050739957717,0.39728682170542634,0.7717638429442568,gen_posonly_dense_selfone,adj_asis,same_true
0,0.36835748792270534,0.7780501535393407,0.59375,0.8187552934891775,0.6944444444444444,0.9075782464456392,0.4511217948717948,0.7278552878078424,0.5978260869565217,0.8811628453922132,0.5040064102564102,0.7448149207104943,0.5422705314009661,0.8841897233201581,0.4495192307692307,0.7132287207553739,gen_posonly_dense_selfone,adj_asis,same_false
1,0.5508333333333333,0.7646016510758494,0.5144444444444445,0.7944712143746975,0.4408333333333334,0.7283259905857242,0.5633333333333332,0.8599943317667456,0.4625,0.728911801695173,0.6144444444444446,0.879728819469161,0.48750000000000004,0.7375,0.5711111111111111,0.8668240521901407,gen_posonly_dense_selfone,adj_asis,same_false
2,0.54,0.8398969163513771,0.5288888888888889,0.826292434711958,0.6222222222222222,0.8659755146528223,0.45999999999999996,0.8244286857617086,0.6133333333333334,0.8648945258166414,0.47333333333333333,0.8258944213740588,0.48888888888888893,0.8252525252525252,0.46444444444444444,0.8239747283074818,gen_posonly_dense_selfone,adj_asis,same_false
3,0.5580357142857142,0.8924071690354735,0.44834710743801653,0.7788901973116006,0.5491071428571428,0.8943856469932728,0.4834710743801653,0.822293424122698,0.5431547619047619,0.8914608706722174,0.5061983471074379,0.8323351256084464,0.5223214285714286,0.8982954545454546,0.53099173553719,0.8267244847856454,gen_posonly_dense_selfone,adj_asis,same_false
4,0.5503875968992248,0.8419471778995137,0.5591787439613527,0.8699948144891728,0.5542635658914729,0.8158100229943641,0.49154589371980684,0.8289800369527656,0.5697674418604651,0.8191153210431108,0.4939613526570048,0.8308405370976797,0.5096899224806202,0.8112050739957717,0.31884057971014496,0.787239184333862,gen_posonly_dense_selfone,adj_asis,same_false
0,0.38285024154589375,0.780474154408767,0.38285024154589375,0.780474154408767,0.4842995169082126,0.854002398573547,0.4842995169082126,0.854002398573547,0.48188405797101447,0.8593023774087374,0.48188405797101447,0.8593023774087374,0.5422705314009661,0.8841897233201581,0.5301932367149759,0.8603696140867654,gen_posonly_dense_selfextra,adj_negispos,same_true
1,0.5375000000000001,0.7588054469893194,0.5375000000000001,0.7588054469893194,0.4908333333333333,0.7566920834847022,0.4908333333333333,0.7566920834847022,0.4341666666666666,0.736219040604448,0.4341666666666666,0.736219040604448,0.48750000000000004,0.7375,0.4425,0.7266723861348189,gen_posonly_dense_selfextra,adj_negispos,same_true
2,0.5244444444444444,0.836792110563545,0.5244444444444444,0.836792110563545,0.5244444444444445,0.8260555884109496,0.5244444444444445,0.8260555884109496,0.5066666666666666,0.822244663834999,0.5066666666666666,0.822244663834999,0.48888888888888893,0.8252525252525252,0.51,0.8435044144693536,gen_posonly_dense_selfextra,adj_negispos,same_true
3,0.5699404761904763,0.8975820281229538,0.5699404761904763,0.8975820281229538,0.49851190476190477,0.888370764054121,0.49851190476190477,0.888370764054121,0.40625,0.8755760228018838,0.40625,0.8755760228018838,0.5223214285714286,0.8982954545454546,0.5565476190476191,0.8981910306257122,gen_posonly_dense_selfextra,adj_negispos,same_true
4,0.563953488372093,0.8570943495197147,0.563953488372093,0.8570943495197147,0.4263565891472868,0.7777162349858266,0.4263565891472868,0.7777162349858266,0.4476744186046512,0.7904405003030528,0.4476744186046512,0.7904405003030528,0.5096899224806202,0.8112050739957717,0.39728682170542634,0.7717638429442568,gen_posonly_dense_selfextra,adj_negispos,same_true
0,0.36835748792270534,0.7780501535393407,0.59375,0.8187552934891775,0.3828502415458937,0.827430458911389,0.5857371794871795,0.7757766812044475,0.46014492753623193,0.8430771272640843,0.577724358974359,0.7672728226567574,0.5422705314009661,0.8841897233201581,0.4495192307692307,0.7132287207553739,gen_posonly_dense_selfextra,adj_negispos,same_false
1,0.5508333333333333,0.7646016510758494,0.5144444444444445,0.7944712143746975,0.5341666666666667,0.7674451114089051,0.49444444444444446,0.8462212365745858,0.49083333333333334,0.7442311563388702,0.5322222222222222,0.8528741325383702,0.48750000000000004,0.7375,0.5711111111111111,0.8668240521901407,gen_posonly_dense_selfextra,adj_negispos,same_false
2,0.54,0.8398969163513771,0.5288888888888889,0.826292434711958,0.4488888888888889,0.8082050618072021,0.5666666666666667,0.8502604104875257,0.3933333333333333,0.799565947721693,0.47111111111111104,0.8297930405037618,0.48888888888888893,0.8252525252525252,0.46444444444444444,0.8239747283074818,gen_posonly_dense_selfextra,adj_negispos,same_false
3,0.5580357142857142,0.8924071690354735,0.44834710743801653,0.7788901973116006,0.40922619047619047,0.876563646546198,0.5268595041322315,0.8388523165379358,0.4032738095238096,0.8746272214985797,0.694214876033058,0.8797066517790888,0.5223214285714286,0.8982954545454546,0.53099173553719,0.8267244847856454,gen_posonly_dense_selfextra,adj_negispos,same_false
4,0.5503875968992248,0.8419471778995137,0.5591787439613527,0.8699948144891728,0.4166666666666667,0.7748036713235538,0.2741545893719807,0.7805420936069138,0.4011627906976744,0.7717101561520181,0.27898550724637683,0.7811619572603705,0.5096899224806202,0.8112050739957717,0.31884057971014496,0.787239184333862,gen_posonly_dense_selfextra,adj_negispos,same_false
0,0.38285024154589375,0.780474154408767,0.38285024154589375,0.780474154408767,0.5555555555555556,0.8812786424998701,0.5555555555555556,0.8812786424998701,0.5301932367149759,0.8647776077528495,0.5301932367149759,0.8647776077528495,0.5422705314009661,0.8841897233201581,0.5301932367149759,0.8603696140867654,gen_posonly_dense_selfextra,adj_negiszero,same_true
1,0.5375000000000001,0.7588054469893194,0.5375000000000001,0.7588054469893194,0.47916666666666663,0.7379571993845686,0.47916666666666663,0.7379571993845686,0.4525,0.7215426216929786,0.4525,0.7215426216929786,0.48750000000000004,0.7375,0.4425,0.7266723861348189,gen_posonly_dense_selfextra,adj_negiszero,same_true
2,0.5244444444444444,0.836792110563545,0.5244444444444444,0.836792110563545,0.5577777777777777,0.8550008622395774,0.5577777777777777,0.8550008622395774,0.5622222222222222,0.8567588667149731,0.5622222222222222,0.8567588667149731,0.48888888888888893,0.8252525252525252,0.51,0.8435044144693536,gen_posonly_dense_selfextra,adj_negiszero,same_true
3,0.5699404761904763,0.8975820281229538,0.5699404761904763,0.8975820281229538,0.5044642857142857,0.8872924818237318,0.5044642857142857,0.8872924818237318,0.5044642857142857,0.8857811565283233,0.5044642857142857,0.8857811565283233,0.5223214285714286,0.8982954545454546,0.5565476190476191,0.8981910306257122,gen_posonly_dense_selfextra,adj_negiszero,same_true
4,0.563953488372093,0.8570943495197147,0.563953488372093,0.8570943495197147,0.5562015503875969,0.8193511498001855,0.5562015503875969,0.8193511498001855,0.5523255813953488,0.818870649427945,0.5523255813953488,0.818870649427945,0.5096899224806202,0.8112050739957717,0.39728682170542634,0.7717638429442568,gen_posonly_dense_selfextra,adj_negiszero,same_true
0,0.36835748792270534,0.7780501535393407,0.59375,0.8187552934891775,0.5640096618357487,0.883980856455281,0.5136217948717948,0.7449574558171843,0.5253623188405797,0.8676056442549837,0.5344551282051282,0.7536375969426371,0.5422705314009661,0.8841897233201581,0.4495192307692307,0.7132287207553739,gen_posonly_dense_selfextra,adj_negiszero,same_false
1,0.5508333333333333,0.7646016510758494,0.5144444444444445,0.7944712143746975,0.455,0.7276092584120162,0.5366666666666666,0.8563440221811693,0.47583333333333333,0.7325814040590364,0.6255555555555555,0.8838745706553035,0.48750000000000004,0.7375,0.5711111111111111,0.8668240521901407,gen_posonly_dense_selfextra,adj_negiszero,same_false
2,0.54,0.8398969163513771,0.5288888888888889,0.826292434711958,0.5533333333333333,0.8536363972735799,0.4755555555555555,0.826957206745969,0.5511111111111111,0.8528962896445833,0.4666666666666666,0.8230078523574681,0.48888888888888893,0.8252525252525252,0.46444444444444444,0.8239747283074818,gen_posonly_dense_selfextra,adj_negiszero,same_false
3,0.5580357142857142,0.8924071690354735,0.44834710743801653,0.7788901973116006,0.5163690476190476,0.889165043712762,0.5289256198347108,0.8309573459226347,0.5431547619047619,0.8920009975046647,0.5692148760330579,0.8454237139998253,0.5223214285714286,0.8982954545454546,0.53099173553719,0.8267244847856454,gen_posonly_dense_selfextra,adj_negiszero,same_false
4,0.5503875968992248,0.8419471778995137,0.5591787439613527,0.8699948144891728,0.5571705426356589,0.8183492423147336,0.44565217391304346,0.8205166188762,0.5465116279069768,0.8148130926449599,0.46256038647342995,0.8252875600391929,0.5096899224806202,0.8112050739957717,0.31884057971014496,0.787239184333862,gen_posonly_dense_selfextra,adj_negiszero,same_false
0,0.38285024154589375,0.780474154408767,0.38285024154589375,0.780474154408767,0.6123188405797102,0.8871181929766333,0.6123188405797102,0.8871181929766333,0.5277777777777778,0.8639561265152234,0.5277777777777778,0.8639561265152234,0.5422705314009661,0.8841897233201581,0.5301932367149759,0.8603696140867654,gen_posonly_dense_selfextra,adj_asis,same_true
1,0.5375000000000001,0.7588054469893194,0.5375000000000001,0.7588054469893194,0.44749999999999995,0.7302128075530883,0.44749999999999995,0.7302128075530883,0.4291666666666667,0.7161174569310891,0.4291666666666667,0.7161174569310891,0.48750000000000004,0.7375,0.4425,0.7266723861348189,gen_posonly_dense_selfextra,adj_asis,same_true
2,0.5244444444444444,0.836792110563545,0.5244444444444444,0.836792110563545,0.5822222222222222,0.8581100201220062,0.5822222222222222,0.8581100201220062,0.6022222222222222,0.8633005541731327,0.6022222222222222,0.8633005541731327,0.48888888888888893,0.8252525252525252,0.51,0.8435044144693536,gen_posonly_dense_selfextra,adj_asis,same_true
3,0.5699404761904763,0.8975820281229538,0.5699404761904763,0.8975820281229538,0.5461309523809523,0.8934747264856078,0.5461309523809523,0.8934747264856078,0.5372023809523809,0.891163711109443,0.5372023809523809,0.891163711109443,0.5223214285714286,0.8982954545454546,0.5565476190476191,0.8981910306257122,gen_posonly_dense_selfextra,adj_asis,same_true
4,0.563953488372093,0.8570943495197147,0.563953488372093,0.8570943495197147,0.563953488372093,0.8206019339363186,0.563953488372093,0.8206019339363186,0.5484496124031008,0.8173124130280138,0.5484496124031008,0.8173124130280138,0.5096899224806202,0.8112050739957717,0.39728682170542634,0.7717638429442568,gen_posonly_dense_selfextra,adj_asis,same_true
0,0.36835748792270534,0.7780501535393407,0.59375,0.8187552934891775,0.6944444444444444,0.9075782464456392,0.4511217948717948,0.7278552878078424,0.5978260869565217,0.8811628453922132,0.5040064102564102,0.7448149207104943,0.5422705314009661,0.8841897233201581,0.4495192307692307,0.7132287207553739,gen_posonly_dense_selfextra,adj_asis,same_false
1,0.5508333333333333,0.7646016510758494,0.5144444444444445,0.7944712143746975,0.4408333333333334,0.7283259905857242,0.5633333333333332,0.8599943317667456,0.4625,0.728911801695173,0.6144444444444446,0.879728819469161,0.48750000000000004,0.7375,0.5711111111111111,0.8668240521901407,gen_posonly_dense_selfextra,adj_asis,same_false
2,0.54,0.8398969163513771,0.5288888888888889,0.826292434711958,0.6222222222222222,0.8659755146528223,0.45999999999999996,0.8244286857617086,0.6133333333333334,0.8648945258166414,0.47333333333333333,0.8258944213740588,0.48888888888888893,0.8252525252525252,0.46444444444444444,0.8239747283074818,gen_posonly_dense_selfextra,adj_asis,same_false
3,0.5580357142857142,0.8924071690354735,0.44834710743801653,0.7788901973116006,0.5491071428571428,0.8943856469932728,0.4834710743801653,0.822293424122698,0.5431547619047619,0.8914608706722174,0.5061983471074379,0.8323351256084464,0.5223214285714286,0.8982954545454546,0.53099173553719,0.8267244847856454,gen_posonly_dense_selfextra,adj_asis,same_false
4,0.5503875968992248,0.8419471778995137,0.5591787439613527,0.8699948144891728,0.5542635658914729,0.8158100229943641,0.49154589371980684,0.8289800369527656,0.5697674418604651,0.8191153210431108,0.4939613526570048,0.8308405370976797,0.5096899224806202,0.8112050739957717,0.31884057971014496,0.787239184333862,gen_posonly_dense_selfextra,adj_asis,same_false
